-- MariaDB dump 10.17  Distrib 10.4.6-MariaDB, for Win64 (AMD64)
--
-- Host: localhost    Database: ksp_sidomukti
-- ------------------------------------------------------
-- Server version	10.4.6-MariaDB

/*!40101 SET @OLD_CHARACTER_SET_CLIENT=@@CHARACTER_SET_CLIENT */;
/*!40101 SET @OLD_CHARACTER_SET_RESULTS=@@CHARACTER_SET_RESULTS */;
/*!40101 SET @OLD_COLLATION_CONNECTION=@@COLLATION_CONNECTION */;
/*!40101 SET NAMES utf8mb4 */;
/*!40103 SET @OLD_TIME_ZONE=@@TIME_ZONE */;
/*!40103 SET TIME_ZONE='+00:00' */;
/*!40014 SET @OLD_UNIQUE_CHECKS=@@UNIQUE_CHECKS, UNIQUE_CHECKS=0 */;
/*!40014 SET @OLD_FOREIGN_KEY_CHECKS=@@FOREIGN_KEY_CHECKS, FOREIGN_KEY_CHECKS=0 */;
/*!40101 SET @OLD_SQL_MODE=@@SQL_MODE, SQL_MODE='NO_AUTO_VALUE_ON_ZERO' */;
/*!40111 SET @OLD_SQL_NOTES=@@SQL_NOTES, SQL_NOTES=0 */;

--
-- Table structure for table `ahliwarissimkesan`
--

DROP TABLE IF EXISTS `ahliwarissimkesan`;
/*!40101 SET @saved_cs_client     = @@character_set_client */;
/*!40101 SET character_set_client = utf8 */;
CREATE TABLE `ahliwarissimkesan` (
  `aws_id` int(10) NOT NULL AUTO_INCREMENT,
  `sik_kode` varchar(25) NOT NULL COMMENT 'fk dari simkesan',
  `aws_noid` varchar(30) DEFAULT NULL,
  `aws_jenisid` varchar(15) DEFAULT NULL,
  `aws_nama` varchar(50) NOT NULL,
  `aws_alamat` text NOT NULL,
  `aws_hubungan` varchar(30) NOT NULL,
  `aws_lampiran` text DEFAULT NULL,
  `aws_tgl` datetime NOT NULL,
  `aws_flag` tinyint(2) NOT NULL,
  `aws_info` text NOT NULL,
  PRIMARY KEY (`aws_id`)
) ENGINE=InnoDB AUTO_INCREMENT=31 DEFAULT CHARSET=latin1;
/*!40101 SET character_set_client = @saved_cs_client */;

--
-- Dumping data for table `ahliwarissimkesan`
--

LOCK TABLES `ahliwarissimkesan` WRITE;
/*!40000 ALTER TABLE `ahliwarissimkesan` DISABLE KEYS */;
INSERT INTO `ahliwarissimkesan` VALUES (1,'KE210719001',NULL,NULL,'Budiyono','Kaliangkrik','Suami','suami','2019-07-21 19:55:11',0,''),(2,'KE120819001','503030490930','KTP','Japari','Ngadirejo, Temanggung','Keluarga','Tidak ada','2019-08-12 07:36:02',0,''),(3,'KE120819002','4322323','KTP','Haris','Magelang','Keluarga','Tidak Ada','2019-08-12 08:18:28',0,''),(4,'KE240819001','332307','KTP','herlin','sawahan tegalsari','adikl kandung','lengkap','2019-08-24 14:06:44',0,''),(5,'KE240819002','332307','KTP','supini','bulu temanggung','Orang Tua','lengkap','2019-08-24 14:12:09',0,''),(6,'KE240819003','332307','KTP','Misdi','kedu','Orang Tua','lengkap','2019-08-24 14:14:07',0,''),(7,'KE260819001','332307','KTP','titik','parakan temanggung','Orang Tua','lengkap','2019-08-26 13:00:41',0,''),(8,'KE290819001','332307','KTP','herlin','parakan temanggung','anak','lengkap','2019-08-29 13:55:58',0,''),(9,'KE290819002','332307','KTP','titik','traji','Orang Tua','kurang ktp ahli waris\r\n','2019-08-29 14:00:31',0,''),(10,'KE310819001','332307','KTP','titik','parakan temanggung','Orang Tua','lengkap','2019-08-31 12:09:55',0,''),(11,'KE310819001','332307','KTP','herlin','ngadirejo','adik','lengkap','2019-08-31 12:49:41',0,''),(12,'KE310819002','332307','KTP','supini','parakan temanggung','Orang Tua','lengkap','2019-08-31 12:52:35',0,''),(13,'KE310819003','332307','KTP','susi','parakan ','Orang Tua','kurang ktp ahli waris','2019-08-31 12:55:01',0,''),(14,'KE310819004','332307','KTP','herlin','sawahan tegalsari','adik','lengkap','2019-08-31 12:58:07',0,''),(15,'KC030919001','','Akta Kelahiran','Abidah Daniya Ramadani','Dsn Jombor Lor rt 03 Rw 05 Jombor Jumo','Anak',NULL,'2019-09-03 12:41:11',0,''),(16,'KC030919002','332307','Akta Kelahiran','Abidah Daniya Ramadani','Dsn Jombor Lor 3/5 Jombor Jumo','Anak',NULL,'2019-09-03 13:11:18',0,''),(17,'KC040919001','332307','KTP','Indarti','Lingk. Jetisan Rt 02 rw 01 Walitelon Utara Temanggung','istri',NULL,'2019-09-04 13:24:41',0,''),(18,'KC050919001','332307','Akta Kelahiran','Zaskia Putri Prayugiani','Gang V Danurejo Rt 01 Rw 05 Danurejo Kedu','Anak',NULL,'2019-09-05 08:08:39',0,''),(19,'KC050919002','332307','Akta Kelahiran','Azza Naura Syifa Anindiya','Gang V Danurejo Rt 01 Rw 05 Danurejo Kedu','anak',NULL,'2019-09-05 08:10:45',0,''),(20,'KC060919001','332307','KTP','Muhammad Abdul Rois','Sijeruk Rt 19 Rw 06 Butuh Kalikajar Wonosobo','Anak',NULL,'2019-09-06 12:27:24',0,''),(21,'KC060919002','332307','KTP','Muhammad Abdul Rois','Sijeruk Rt 19 Rw 06 Butuh Kalikajar Wonosobo','Anak',NULL,'2019-09-06 12:29:08',0,''),(22,'KC060919003','332307','KTP','Suyati','Kledung Rt 01 Rw 01 Kledung','Orang Tua',NULL,'2019-09-06 12:34:11',0,''),(23,'KC060919004','332307','KTP','Suyati','Kledung Rt 01 Rw 01 Kledung','Orang Tua',NULL,'2019-09-06 12:35:36',0,''),(24,'KC120919001','3323094107730013','KTP','Ayum Sunarti','Dsn Krajan Kulon Rt 02 Rw 02 Giyono Jumo','Orang Tua',NULL,'2019-09-12 12:23:29',0,''),(25,'KC100919001','3323094107730013','KTP','Ayum Sunarti','Dsn Krajan Kulon Rt 02 Rw o2 Giyono Jumo','Orang Tua',NULL,'2019-09-10 12:41:58',0,''),(26,'KC100919002','332307','KTP','Ayum Sunarti','Dsn Krajan Kulon Rt 02 Rw 02 Giyono Jumo','Orang Tua',NULL,'2019-09-10 10:07:07',0,''),(27,'KC110919001','332307','KTP','Luwiyah','Dsn Mulyosari Rt 04 Rw 03 Rowo Kandangan','Orang Tua',NULL,'2019-09-11 12:16:36',0,''),(28,'KC110919002','332307','KTP','Panut','Dsn Mulyosari Rt 04 Rw 03 Rowo Kandangan','Orang Tua',NULL,'2019-09-11 12:18:47',0,''),(29,'KC120919002','332307','KTP','Reno Elvan Syahreza','Dsn Gagaran Rt 02 Rw 04 Kataan Ngadirejo','Anak',NULL,'2019-09-12 12:42:02',0,''),(30,'KC120919003','332307','Akta Kelahiran','Dimas Bachtian Adi N','Dsn Gagaran Rt 02 Rw 04 Kataan Ngadirejo','Anak',NULL,'2019-09-12 12:44:40',0,'');
/*!40000 ALTER TABLE `ahliwarissimkesan` ENABLE KEYS */;
UNLOCK TABLES;

--
-- Table structure for table `anggota`
--

DROP TABLE IF EXISTS `anggota`;
/*!40101 SET @saved_cs_client     = @@character_set_client */;
/*!40101 SET character_set_client = utf8 */;
CREATE TABLE `anggota` (
  `ang_no` varchar(25) NOT NULL,
  `ang_nama` varchar(50) NOT NULL,
  `ang_alamat` text NOT NULL,
  `ang_noktp` varchar(25) DEFAULT NULL,
  `ang_nokk` varchar(25) DEFAULT NULL,
  `ang_nohp` varchar(15) DEFAULT NULL,
  `ang_tempatlahir` varchar(35) DEFAULT NULL,
  `ang_tgllahir` date NOT NULL,
  `ang_status` tinyint(1) NOT NULL,
  `ang_tgl` datetime DEFAULT NULL,
  `ang_flag` tinyint(2) NOT NULL,
  `ang_info` text NOT NULL,
  PRIMARY KEY (`ang_no`)
) ENGINE=InnoDB DEFAULT CHARSET=latin1;
/*!40101 SET character_set_client = @saved_cs_client */;

--
-- Dumping data for table `anggota`
--

LOCK TABLES `anggota` WRITE;
/*!40000 ALTER TABLE `anggota` DISABLE KEYS */;
INSERT INTO `anggota` VALUES ('04.09.SHM','Budiyatno',' tepusen 3/1 Tepusen Kaloran','3323052507790007','3323052402072213','081227782693',NULL,'1979-07-25',0,'0000-00-00 00:00:00',0,''),('06.09.1.SHM','SIYAMAH','DSN KAYUTAHUN 4/2 BANARAN GEMAWANG','3323205201870005','3323200310160012','085642558011',NULL,'1987-01-12',0,'0000-00-00 00:00:00',0,''),('06.09.SHM','SARYANA',' BIRON 1/3 BANARAN GEMAWANG','3372022309820004','3323200808160004','085656231206',NULL,'1982-09-23',0,'0000-00-00 00:00:00',0,''),('07.09.BP','ARIFIN',' DSN GONDANG DIWEK 2/6 KETITANG JUMO','3323101707800001','3323102402070819','085292255646',NULL,'1980-07-17',0,'0000-00-00 00:00:00',0,''),('08.09.SHM','HARI SUYITNO',' DSN TERMAS 4/2 KANDANGAN','3323063112740018','3323062402070110','082323266147',NULL,'1974-12-31',0,'0000-00-00 00:00:00',0,''),('09.09.BP','AGUS SUBIYANTO',' DSN KRAJAN WETAN 4/1 GIYONO JUMO','3323103112660018','3323102402070537','082371411862',NULL,'1966-05-04',0,'0000-00-00 00:00:00',0,''),('K020919001','Bariyah',' Dsn Gandu Kulon 1/2 Gondang Winangun Ngadirejo','3323097112560089','332309','81225708171',NULL,'1956-07-20',1,'2019-09-02 13:59:30',0,''),('K020919002','SITI ROKHIMAH','NGADIPRONO 3/7 NGADIMULYO KEDU ','3323017008910001','','',NULL,'1991-08-30',1,'2019-09-02 11:55:17',0,''),('K020919003','KHUSNUL KHOTIMAH','MARGOSARI 011/005 ROWO KANDANGAN ','3323066301870003','','',NULL,'1987-01-23',1,'2019-09-02 12:18:22',0,''),('K020919004','Slamet Rochman','margosari 11/005 rowo kandnagan ','','','',NULL,'1991-12-05',1,'2019-09-02 12:24:14',0,''),('K020919005','Warni','Ds. kabunan 9/1 bandunggede kedu ','3323075207570004','','',NULL,'1957-07-12',1,'2019-09-02 12:27:38',0,''),('K020919006','parsilah','mulyo 3/1 pandemulyo buliu ','3323016905760003','','',NULL,'1976-05-29',1,'2019-09-02 12:31:52',0,''),('K020919007','DWI ARIYANI','DSN. TEGALSARI 3/2 WADAS KANDANGAN ','3323066102890002','','',NULL,'1983-02-21',1,'2019-09-02 12:38:52',0,''),('K020919008','FITRI ANGGRAENI','DIWEKAN 2/1 GLAPANSARI PARAKAN ','3323085808920003','','',NULL,'1992-08-18',1,'2019-09-02 12:41:53',0,''),('K020919009','INDRA LESTARI','DS. GLAPANSARI 1/3 GLAPANSARI PARAKAN ','3323085312920002','','',NULL,'1992-12-13',1,'2019-09-02 12:46:49',0,''),('K020919010','WARSITI',' Jagalan Rt 03/ Rw 02 Jumo, Teamnggung','3323','3323','085228223711',NULL,'2019-09-02',1,'2019-09-02 13:05:59',0,''),('K020919011','NARWITO','Garung Rt 14/ Rw 05 Butuh Kalikajar','3307072509510001','3323','08',NULL,'1951-09-25',1,'2019-09-02 13:23:36',0,''),('K020919012','Septi Dwi R',' Kerokan Rt 02/ Rw 01 Kutoanyar Kedu','3323','3323','087734202339',NULL,'1987-09-18',1,'2019-09-02 13:33:05',0,''),('K020919013','Nguwaljiwanto',' Bongos Rt 03/ Rw 01 Jumo','3323101610680001','3323','081392931614',NULL,'1968-10-16',1,'2019-09-02 13:44:54',0,''),('K020919014','NURMA SETIYONO','KALIDUREN 2/7 NGADISEPI GEMAWANG ','890914570681','','',NULL,'1989-09-11',1,'2019-09-02 13:55:57',0,''),('K020919015','SURYATI','KRAJAN WETAN 4/1 GIYONO JUMO ','3323','','',NULL,'1991-05-12',1,'2019-09-02 13:59:44',0,''),('K020919029','NARWITO',' Garung Rt 14/ Rw 05 Butuh Kalikajar','3307072509500001','3323','08','Wonosobo','1951-09-25',1,'2019-09-02 12:56:02',0,''),('K020919030','FATKUROCHMAN','Ds. Ngasian Rt 05/ Rw 06 Sucen Gemawang','3323','3323','085292149263','Temanggung','2019-09-03',1,'2019-09-03 13:01:17',0,''),('K030919016','Tumirah','Ds. Garon 1/5 purbosari ngadirejo ','','','','Temanggung','1991-12-05',1,'2019-09-03 12:20:32',0,''),('K030919017','Lina indrawati','grogol 2/2 kutoanyar kedu','3323076903750002','33','08','Temanggung','1975-03-29',1,'2019-09-03 12:26:41',1,''),('K030919018','sri wahyuni','ds. tegalsari 2/1 wadas kandnagan ','','','','Temanggung','1991-12-05',1,'2019-09-03 12:29:11',0,''),('K030919019','Rohmadi',' Dsn Bandung 3/6 Bandunggede Kedu','3323072110840002','3323072402073191','081327035655','Temanggung','1984-10-21',1,'2019-09-03 12:42:27',2,''),('K030919020','Tentrem mujiyati','krajan timur 3/3 karangtejo kedu ','3323076506660003','','','Temanggung','1966-06-25',1,'2019-09-03 12:44:35',0,''),('K030919021','Rozzak Ardiyanto','bero 2/1 caruban kandangan ','3323060204020002','','','Temanggung','2002-04-02',1,'2019-09-03 12:50:14',0,''),('K030919022','murni','tanjungan 6/5 kembangsari kandangan ','3404015510720009','','','Temanggung','1972-10-15',1,'2019-09-03 12:54:22',0,''),('K030919023','OKTA KHARISMA PUTRI','DSN. KRAJAN WETAN 4/1 GIYONO JUMO','3323104510980001','33','08','Temanggung','1998-10-05',1,'2019-09-03 13:01:38',1,''),('K030919024','Riyati','sukosarono 2/2 jombor jumo ','','','','Temanggung','1991-12-05',1,'2019-09-03 13:03:30',0,''),('K030919025','Diana dewi','Ds. Krajan 7/1 petirejo ngadirejo','3323095705740002','3323','085','Temanggung','1974-05-17',1,'2019-09-03 13:06:32',1,''),('K030919026','Bothok paryuni','kenteng 3/5 pagersari tlogomulyo ','','','','Temanggung','1991-12-05',1,'2019-09-03 13:10:19',0,''),('K030919031','KASIATI','Reco Rt 12/ Rw 09 Reco Kertek ','3323','3323','08','Wonosobo','2019-09-02',1,'2019-09-03 13:05:26',0,''),('K030919032','MAHYUNANI',' Anggurgondok Rt 02/ Rw 03 Reco Kertek ','3307084505730005','3323','08','Wonosobo','1973-05-05',1,'2019-09-03 13:08:47',1,''),('K030919033','BADRIYAH','Ds. grogol Rt 02/ Rw 02Kutoanyar','3323','3323','08','Temanggung','1969-09-30',1,'2019-09-03 13:12:29',0,''),('K030919034','WIWIK ZUMROTUN',' Krajan II Rt 02/ Rw 01 Kandangan','3323','3323','08','Temanggung','2019-09-04',1,'2019-09-04 13:15:48',0,''),('K030919051','Destri Purna Anggraeni',' Dsn Jombor Lor Rt 03 Rw 05 Jombor Jumo','3323124406910001','3323101810120001','085641580091','Temanggung','1991-12-04',1,'2019-09-03 12:37:37',0,''),('K040919035','SRIYATI JIL RAHAYU',' Panjangsari Baru Rt 03/ Rw 10 Parakan','3323','3323','08','Temanggung','2019-09-04',1,'2019-09-04 13:18:39',0,''),('K040919036','RINA HERMAWATI',' Ds. pagutan Rt 02/ Rw 03 Pakurejo','3323','3323','08','Temanggung','2019-09-04',1,'2019-09-04 13:20:41',0,''),('K040919037','PUJI LESTARI',' Limbangan Rt 18/ Rw 09 Kentengsari Candiroto','3323','3323','08','Temanggung','2019-09-04',1,'2019-09-04 13:24:12',0,''),('K040919038','ZAHROTUN MUFIDAH',' Ds. mandang Rt 02/ Rw 02 Sucen ','332320685840001','3323','08','Jombang','1984-05-28',1,'2019-09-04 13:26:17',1,''),('K040919039','SUYANTI',' Kledung Rt 01/ Rw 01 Kledung','3323','3323','085747873155','Temanggung','2019-09-22',1,'2019-09-04 13:29:44',0,''),('K040919040','RIRIN SUCIANA',' Ds. Sangkon Rt 03/ Rw 02 Tuksari Kledung','3323176609930001','3323','085726648055','Temanggung.','1993-09-26',1,'2019-09-04 13:34:59',0,''),('K040919041','PARIYATI',' Sigaplok Rt 09/ Rw 03 Kledung ','3323175207690001','3323','08','Temanggung','1970-03-10',1,'2019-09-04 13:40:31',1,''),('K040919042','RUWET',' Samponsari Rt 07/ Rw 04 Getan Kranggan','3323135011670001','3323','08','Temanggung','1967-11-10',1,'2019-09-04 14:11:17',0,''),('K040919043','susanti','ngesrep 3/1 ringinanom parakan ','','','','Temanggung','1991-12-05',1,'2019-09-04 14:33:06',0,''),('K040919044','widarsih','kalensari 2/2 balesari bansari ','3323165311870001','','','Temanggung','1987-11-13',1,'2019-09-04 14:35:53',0,''),('K040919045','istinatun','tegalsari wadas kandangan ','','','','Temanggung','1991-12-05',1,'2019-09-04 14:40:14',0,''),('K040919046','Danang cahyo p','dermonganti ketitang jumo ','','','','Temanggung','1991-12-05',1,'2019-09-04 14:44:13',0,''),('K040919048','Buyarti','Ds. Seseh 5/10 ngadisepi gemawang','3323204904780002','','','Temanggung','1976-04-09',1,'2019-09-04 06:49:39',0,''),('K040919049','SITI KHOLIFAH','DS. SUNGAPAN 2/3 JAMUSAN JUMO ','','','','Temanggung','1991-12-05',1,'2019-09-04 06:54:48',0,''),('K040919050','KIRYATI','BRUJULAN 6/2 KREMPONG GEMAWANG ','','','','Temanggung','1991-12-05',1,'2019-09-04 06:57:32',0,''),('K040919052','Daryanto',' Lingk. Jetisan Rt 02 Rw 01 Walitelon Utara Temanggung','1810062501810003','3323031609130006','','Banyuwangi','1981-01-25',1,'2019-09-04 13:22:25',0,''),('K050919027','Rohmadi',' Dsn Bandung 3/6 Bandunggede Kedu','3323072110840002','3323072402073191','081327035655','Temanggung','1984-10-21',1,'2019-09-05 11:30:07',0,''),('K050919028','Nurul Maisaroh',' Dsn Muncar Lor 5/2 Muncar Gemawang','3323205705950003','3323201509140004','085729025956','Temanggung','0005-05-17',1,'2019-09-05 11:34:50',0,''),('K050919053','Sarmudiyah','Ds. Mulyo 3/1 pandemulyo bulu ','3323014511720002','','','Temanggung','1972-11-05',1,'2019-09-05 07:35:50',0,''),('K050919054','Ani Rachmawati','Gang V Danurejo 1/5 danurejo kedu','3323075303870002','','','Temanggung','1987-03-13',1,'2019-09-05 07:39:36',0,''),('K050919055','Budi Astuti','Krajan I 2/7 kandnagan  ','3323','','','Temanggung','1991-12-05',1,'2019-09-05 07:50:34',0,''),('K050919056','safrodin','Mulyosari 6/3 rowo kandangan ','3323','','','Temanggung','1991-12-05',1,'2019-09-05 07:55:02',0,''),('K050919057','TASLIMAH',' Klodran Rt.004/ Rw 006 Gemawang','3323204312850001','3323','08','Temanggung','1986-12-03',1,'2019-09-05 08:00:07',0,''),('K050919058','RAHMAWATI','TEGALSARI 1/1 WADAS KANDNAGAN ','3323085810860001','','','Temanggung','1986-10-18',1,'2019-09-05 08:03:31',0,''),('K050919059','Ani Rachmawati',' Gang V Danurejo Rt 01 Rw 05 Danurejo Kedu','3323075303870002','3323','','Temanggung','1987-03-13',1,'2019-09-05 08:05:18',0,''),('K050919060','MARYATUN','KAMAL 1/1 KUNDISARI KEDU ','3323075210620002','','','Temanggung','1962-10-12',1,'2019-09-05 08:07:43',0,''),('K050919061','WIYATI',' Reco Rt 03/ Rw 09 Reco Kertek','3307086509730001','3307','08','Wonosobo','1973-09-25',1,'2019-09-05 08:10:54',0,''),('K050919062','SAE AN','GEJAGAN 6/3 GEJAGAN NGADIREJO ','3323090107660010','','','Temanggung','1966-07-01',1,'2019-09-05 08:11:09',0,''),('K050919063','YULIANA SUMINI',' Kapencar Rt 04/ Rw 09 Kapencar Kertek','3307085412570002','3307','085727132767','Kulon Program','1957-12-14',1,'2019-09-05 08:20:07',0,''),('K050919064','SUMARLIANA',' Barang wetan Rt 02/ Rw 01 Barang Jumo','3323','3323','08','Temanggung','1989-08-21',1,'2019-09-05 08:23:02',0,''),('K050919065','FORESTIKA DARA W','DSN. SUSUKAN 3/4 PURBOSARI NGADIREJO ','3323135705940001','','','SEMARANG','1994-05-17',1,'2019-09-05 08:26:05',0,''),('K050919066','DWI SOESILANINGTYAS S.P',' Jl Sawo III No 2 Rt 13 Rw 08 Rawamangun Pulogadung Jakarta','3323','3323','08','Jakarta','2019-09-05',1,'2019-09-05 08:26:36',0,''),('K050919067','IKE YUNITA','DSN. LIYANGAN PURBOSARI NGADIREJO ','3323','','','Temanggung','1991-05-12',1,'2019-09-05 08:28:38',0,''),('K050919068','NUR HIDAYAH','SALAMAN 2/2 CAMPURSALAM PARAKAN ','3323','','','Temanggung','1991-05-12',1,'2019-09-05 08:30:50',0,''),('K050919069','SURYADI',' Dsn Krajan Rt 05/ Rw 01 Ngabeyan Candiroto ','3323120609620002','3323','08','Temanggung','1962-09-06',1,'2019-09-05 08:32:28',1,''),('K050919070','SURAMI',' Dsn Kauman Rt 01/ Rw 02 Candiroto','3323124401670001','3323','08','Kulon Progro','1967-12-02',1,'2019-09-05 08:37:38',0,''),('K050919071','SIYAMI',' Ds Margosari Rt 11/ Rw 05 Rowo Kandangan','3323125805870001','3323','08','Temanggung','1987-05-24',1,'2019-09-05 08:41:33',0,''),('K050919072','Marwan Sulistyo',' Kapencar 5/6 Kapencar Kertek','3307080202710005','3307081701081651','085228612500','Temanggung','1971-02-02',1,'2019-09-05 09:41:42',0,''),('K050919073','DINA ANDRIYANTI','KALIGOWONG RT 01 RW 03 WADASLINTANG WONOSOBO','3307014802950003','3307014802950003','085876058655','WONOSOBO','1995-02-08',2,'2019-09-05 10:14:51',1,''),('K050919074','Sutaryo',' Letih 5/7 Mergowati Kedu','3323070309710002','3323072012055156','085742236981','Temanggung','1971-09-03',1,'2019-09-05 10:33:18',0,''),('K050919100','ISWAKODIN',' Gondangsari Rt 02/ Rw 04 Gondangwayang Kedu','3323071907820001','3323','085292627068','Temanggung','1982-07-19',1,'2019-09-05 13:41:25',0,''),('K060919047','Budiyanto',' Lotermas 1/5 Tepusen Kaloran','3323051707840001','3323052604180003','083840450006','Temanggung','1984-07-17',1,'2019-09-06 06:26:53',0,''),('K060919075','WAHYUDI EKO SILAWANTO',' PURI KENCANA RT 02 RW 05 MANDING TEMANGGUNG\r\n','3323032611660001','332303181205864','085727135018','TEMANGGUNG','1966-11-26',2,'2019-09-06 12:08:21',0,''),('K060919076','ARYADI,A.MD',' DSN. SROYO RT 08 RW 01 BOJONEGORO KEDU TEMANGGUNG\r\n','3323071907820006','332','081325252736','TEMANGGUNG','1982-07-19',2,'2019-09-06 12:14:56',0,''),('K060919077','RETNO EKO ASTUTI,A.MD',' DSN. GONDANG BAWANG RT 05 RW 02 JUMO TEMANGGUNG\r\n','3323105412940001','332','085728660800','TEMANGGUNG','1994-12-14',2,'2019-09-06 12:17:23',0,''),('K060919078','ADILA SEPTI MAYASA','DIWEK RT 05 RW 06 BOJONEGORO KEDU TEMANGGUNG\r\n ','3323074809940003','332','085799100015','TEMANGGUNG','1994-09-08',2,'2019-09-06 12:18:51',0,''),('K060919079','SEPTI DWI RAHMAWATI',' KEROKAN RT 02 RW 01 KUTOANYAR KEDU TEMANGGUNG\r\n','3323075809870001','332','087734202339','TEMANGGUNG','1987-09-18',2,'2019-09-06 12:20:16',0,''),('K060919080','Tri Amanah',' Sijeruk Rt 19 Rw 06 Butuh Kalikajar Wonosobo','3323','3323','','Wonosobo','1982-06-28',1,'2019-09-06 12:20:34',0,''),('K060919081','SILVIA INDAH LESTARI',' BAJANGAN RT 04 RW 01 MANDISARI PARAKAN\r\n','3323084512910006','332','08562865880','TEMANGGUNG','1991-12-05',2,'2019-09-06 12:21:51',0,''),('K060919082','PUJI RAHAYU',' PENDOWO RT 04 RW 17 PENDOWO KRANGGAN TEMANGGUNG\r\n','3323135811770001','332','087745506237','TEMANGGUNG','1977-11-18',2,'2019-09-06 12:23:03',0,''),('K060919083','Fathin Athifa Humairo',' Kledung Rt 01 Rw 01 Kledung','3323','3323','085747873155','Oku','2017-03-31',1,'2019-09-06 12:23:08',0,''),('K060919084','RISKA WINDI ASTUTI',' SITUK COYUDAN UTARA RT 03 RW 16 PARAKAN \r\n','3323205204930002','332','085601032328','TEMANGGUNG','1993-04-12',2,'2019-09-06 12:24:20',0,''),('K060919085','Berley Athlino Ariyanto',' Kledung Rt 01 Rw 01 Kledung','3323','3323','085747873155','Temanggung','2019-06-10',1,'2019-09-06 12:25:12',0,''),('K060919086','LEDY ADIT SAPUTRO',' SUMBERAN, PETIREJO NGADIREJO\r\n','3323093004950001','332','057250346968','TEMANGGUNG','1995-04-30',2,'2019-09-06 12:26:11',0,''),('K060919087','EVI FITRI ASTUTI',' GEDEGAN RT 03 RW 08 GIRIPURNO NGADIREJO\r\n','3323096302980001','332','082133317551','TEMANGGUNG','1998-02-23',2,'2019-09-06 12:27:36',0,''),('K060919088','EDDY IRAWAN',' MENTOSARI KENTENGSARI CANDIROTO\r\n','3323121112930001','332','085708708613','TEMANGGUNG','1993-03-28',2,'2019-09-06 12:29:04',0,''),('K060919089','RIZKI DIDI SETYAWAN','KEJI 2/3 GENTAN KRANGGAN\r\n ','3323130507020003','332','085335322021','TEMANGGUNG','2002-07-05',1,'2019-09-06 12:30:28',0,''),('K060919090','TITIK ASTUTI',' KAYUTAHUN 4/2 BANARAN GEMAWANG\r\n','3323205010000001','332','085749175662','TEMANGGUNG','2000-11-10',1,'2019-09-06 12:31:52',0,''),('K060919091','HERMAWAN INDRA PRATAMA',' NGLARANG I 4/3 MANGUNSARI NGADIREJO TEMANGGUNG\r\n','3323090207000003','332','089667879751','JAKARTA UTARA','2000-07-02',1,'2019-09-06 12:33:06',0,''),('K060919092','DANANG CAHYO PURNOMO',' DERMONGANTI RT 01 RW 03 KETITANG JUMO\r\n','3323102304980001','332','085299985365','TEMANGGUNG','1999-04-23',1,'2019-09-06 12:34:16',0,''),('K060919093','GRENIDIA AMELIA W',' RECO 07/08 KERTEK WONOSOBO\r\n','3307086703000001','332','082198393656','WONOSOBO','2000-03-27',1,'2019-09-06 12:35:27',0,''),('K060919094','DEVI PRASTYA',' DERMONGANTI RT 01 RW 04 KETITANG JUMO\r\n','3323106209970001','332','085801290189','TEMANGGUNG','1997-09-22',2,'2019-09-06 12:36:45',0,''),('K060919095','YUYUN ARISTA',' PAGERJURANG RT 02 RW 02 JAMUSAN JUMO\r\n','3323106706930002','332','085643328708','TEMANGGUNG','1993-07-27',2,'2019-09-06 12:37:58',0,''),('K060919096','TUHU SUSILOWATI',' GARUNG BUTUH KALIKAJAR WONOSOBO\r\n','3307074309830005','332','085325515051','TEMANGGUNG','1983-09-03',2,'2019-09-06 12:39:35',0,''),('K060919097','MAULITA',' KABUNAN RT 05 RW 01 BANDUNGGEDE KEDU TEMANGGUNG\r\n','3323075206000005','332','085802929492','TEMANGGUNG','2000-06-10',1,'2019-09-06 12:40:39',0,''),('K060919098','FIYA ALFI MAULIDIA ',' SEDELEP RT 004 RW 007 GEMAWANG\r\n','3323206502010002','332','085801418727','TEMANGGUNG','2001-01-25',2,'2019-09-06 12:41:55',0,''),('K060919099','RADEN BAGUS SETYA AJI NUGROHO',' DRINGA RT 03 RW 07 TLOGOPUCANG KANDANGAN\r\n','3301061504920003','332','0895384915113','CILACAP','1992-04-15',2,'2019-09-06 12:43:02',0,''),('K060919100','ARIF HIDAYATUL IKHSAN',' DSN.TANDURAN RT 01 RW 04 CATURANOM, \r\n','3323080209910001','332','081548221037','TEMANGGUNG','1991-09-02',2,'2019-09-06 12:44:16',0,''),('K070919001','eni fitriyani','ds. ngemplak 2/2 kundisari kedu ','3323','','','Temanggung','1991-05-12',1,'2019-09-07 14:01:43',0,''),('K070919002','YENI LISTANTO','DS. WIRODONO 1/6 KARANGTEJO KEDU ','3323072206930003','','','Temanggung','1993-06-22',1,'2019-09-07 14:05:02',0,''),('K070919003','MARTINAH','GROGOL 2/2 KUTOANYAR KEDU ','3323','','','Temanggung','1991-12-05',1,'2019-09-07 14:08:31',0,''),('K070919004','sutiyah','kalipan timur 3/5 gondangwayang kedu ','3323','','','Temanggung','1991-12-05',1,'2019-09-07 14:18:07',0,''),('K070919005','mudrikah','nglondong 3/1 nglondong parakan ','','','','Temanggung','1991-12-05',1,'2019-09-07 14:20:33',0,''),('K070919006','WIWIK ZUMROTUN','KRAJAN ii 2/1 KANDANGAN  ','','','','Temanggung','1991-12-05',2,'2019-09-07 14:24:05',0,''),('K070919007','SHOLIKHATUN','DS. TENTREM 2/2 ROWO KANDANGAN ','3323','','','Temanggung','1978-02-07',1,'2019-09-07 14:27:37',0,''),('K070919008','SUTRIYANTO','SIDOTOPO 4/4 TEMPURAN KALORAN ','','','','Temanggung','1991-12-05',1,'2019-09-07 14:38:58',0,''),('K070919009','UMI ASIYAH',' GANG v DANUREJO KEDU','3323','','','Temanggung','1991-12-05',1,'2019-09-07 14:43:05',0,''),('K070919010','WARTINI','DS. PATEMON 5/2 DLIMOYO NGADIREJO','3323096103700003','33','08','Temanggung','1970-10-26',1,'2019-09-07 14:46:29',1,''),('K070919011','NINGWARTI','DS. GARON PURBOSARI NGADIREJO ','3323','','','Temanggung','1991-12-05',1,'2019-09-07 14:48:13',0,''),('K070919012','MARSINAH','CARIKAN JUMO ','3323','','','Temanggung','1991-12-05',1,'2019-09-07 14:50:21',0,''),('K070919013','ARIYANTI','GEDONGSARI 8/2 GEDONGAN JUMO ','3323','','','Temanggung','1991-12-05',1,'2019-09-07 14:52:12',0,''),('K070919014','Luwiyah','Dsn. Mulyosari 4/3, Rowo, Kendal ','','','','Temanggung','2019-09-12',1,'2019-09-07 20:53:41',0,''),('K070919015','Suraji',' Sucen , 3/4 Sucen, Gemawang','','','','Temaggung','2019-09-12',1,'2019-09-07 20:55:18',0,''),('K070919016','Siti Rahayu','Sijeruk 2/6 Butuh Kaliasat ','','','','Temanggung','2019-09-12',1,'2019-09-07 22:40:22',0,''),('K070919017','Suwarti','Dusun Puspo 9/3 Pateken ','','','','Temanggung','1971-07-08',1,'2019-09-07 22:41:17',0,''),('K070919018','Eka Yuliana','Ploso 2/5 Kemloko Kranggan ','','','','Temanggung','1989-07-18',1,'2019-09-07 22:42:35',0,''),('K070919019','Gito','Desa Wadas 1/1 Wadas Kandangan ','','','','Temanggung','1975-04-23',1,'2019-09-07 22:43:30',0,''),('K070919020','Sumarliana',' Barangwetan 2/1 barang jumo','','','','Temanggung','2019-09-12',1,'2019-09-07 22:44:10',2,''),('K070919100','KOMEDI','DS. LOTERMAS 2/5 TEPUSEN KALORAN ','3323051606840004','','','Temanggung','1984-06-16',1,'2019-09-07 09:19:46',0,''),('K090919001','Suprapti',' Temanggung','','','','Temanggung','2019-09-12',1,'2019-09-09 21:09:38',0,''),('K090919002','Sri Styarini','Temanggung ','','','','Temanggung','2019-09-12',1,'2019-09-09 21:10:50',0,''),('K090919003','Wawan Setiawan','Temanggung ','','','','Temangung','2019-09-12',1,'2019-09-09 21:11:28',0,''),('K090919004','Nur Sipah','Temanggung ','','','','Temanggung','2019-09-12',1,'2019-09-09 21:20:14',0,''),('K090919005','Toyibah','Temanggung ','','','','Temanggung','2019-09-12',1,'2019-09-09 21:32:32',0,''),('K090919006','Lilik R','Temanggung ','','','','Temanggung','2019-09-12',1,'2019-09-09 21:33:20',0,''),('K090919007','Daryanti','Temanggung ','','','','Temanggung','2019-09-12',1,'2019-09-09 21:46:17',0,''),('K090919008','Triyadi','Temanggung ','','','','Temanggung','2019-09-12',1,'2019-09-09 21:49:36',0,''),('K090919009','Komariyah',' Temanggung','','','','Temanggung','2019-09-12',1,'2019-09-09 21:49:59',0,''),('K090919010','Jamilah','Temanggung ','','','','Temanggung','2019-09-12',1,'2019-09-09 21:57:34',0,''),('K090919011','Nurfida R',' Temanggung','','','','Temanggung','2019-09-12',1,'2019-09-09 21:58:03',0,''),('K090919012','Ainul Y','Temanggung ','','','','Temanggung','2019-09-12',1,'2019-09-09 22:07:42',0,''),('K090919013','Siti Masdliyah','Silegok 4/4 Karang Seneng , Gemawang ','','','082326661917','Temanggung','1980-12-23',1,'2019-09-09 22:11:35',0,''),('K090919014','Hj. Srimulyati','Kabunan 9/1 Bandunggede ','','','','Temanggung','2019-09-12',1,'2019-09-09 22:13:48',0,''),('K090919015','Achmad Saifudin','Batursari 7/2 , Batusari','','','','Temanggung','1971-10-11',1,'2019-09-09 22:16:07',0,''),('K090919016','Suhartanto','Perum BKA Sekip Baru G. S','','','','Temanggung','2019-09-12',1,'2019-09-09 22:17:15',0,''),('K090919017','Warsidah','Kledung 5/2 kledung ','','','','Temanggung','1959-04-22',1,'2019-09-09 22:19:37',0,''),('K090919018','Dwi Astika','Kayu Tahun 4/2 Banaran ','','','','Temanggung','1998-12-12',1,'2019-09-09 22:21:06',0,''),('K090919100','Slamet Heriyanto',' Banaran 7/1 Banaran Gemawang','3323200705860001','3323200805080004','082312983112','Temanggung','1986-07-05',1,'2019-09-09 08:51:31',0,''),('K100919001','ELIS DWI SETYARANI',' BATURSARI RT 03/02 KLEDUNG TEMANGGUNG\r\n','3323174601830004','332','085225563285','TEMANGGUNG','1983-01-06',2,'2019-09-10 12:48:53',0,''),('K100919015','KHAFIF',' GONDOSULI RT 05 RW 01 TEMANGGUNG\r\n','332310712920001','332','085693883076','TEMANGGUNG','1992-12-07',2,'2019-09-10 12:26:26',0,''),('K100919016','ARIYANTO',' CARIKAN III KERTOSARI JUMO\r\n','3323102306850002','332','085326676746','TEMANGGUNG','1985-06-12',2,'2019-09-10 12:27:33',0,''),('K100919017','SUPRIYOKO',' DSN WONOSROYO RT 001 RW 001 BOJONEGORO KEDU\r\n','3323071609710002','332','085743213336','TEMANGGUNG','1971-09-16',2,'2019-09-10 12:30:05',0,''),('K100919018','FERI HARIYANTO',' MUNCAR KULON RT 03 RW 04 MUNCAR GEMAWANG\r\n','3323202405900002','332','085727145424','TEMANGGUNG','1990-05-24',2,'2019-09-10 12:31:05',0,''),('K100919019','HARYONO',' BANJARAN RT 003/ RW 002, KRAMATAN, WONOSOBO\r\n','330709121076002','332','082242812015','WONOSOBO','1976-10-12',2,'2019-09-10 12:32:16',0,''),('K100919020','JOKO PRASETYO',' DALEM TEGOWANUH 3/1 KALORAN TEMANGGUNG\r\n','3323205112960001','332','085691893175','TEMANGGUNG','1996-12-11',1,'2019-09-10 12:33:23',0,''),('K100919021','UNTUNG GALIH PRATAMA',' LIMBO MAKMUR BUMIRAYA MAROWALI SULTENG ( CANDIMULYO KEDU)\r\n','3323072606980007','332','082296237751','TEMANGGUNG','1998-06-26',1,'2019-09-10 12:34:42',0,''),('K100919022','MAHFIROH',' CARIKAN 1 RT 04 RW 01 KERTISARI JUMO TEMANGGUNG\r\n','3323105303920002','332','085726581139','TEMANGGUNG','1992-03-13',2,'2019-09-10 12:37:11',0,''),('K100919023','APRILIYA STYANINGRUM',' BALEKKERSO, GEDONGSARI JUMO \r\n','3323105304960003','332','085866554464','TEMANGGUNG','1996-04-13',2,'2019-09-10 12:38:53',0,''),('K100919024','YENI NOVITASARI',' PAKISAN RT 05 RW 05 CANDIMULYO KEDU TEMANGGUNG\r\n','3323074101940006','332','085713861689','TEMANGGUNG','1994-01-01',2,'2019-09-10 12:40:00',0,''),('K100919025','Adimas sanjaya',' dsn Krajan Kulon Rt 02 Rw 02 Giyono Jumo','3323095810990001','3323100410120001','','Temanggung','1998-10-11',1,'2019-09-10 12:40:35',0,''),('K100919026','AGUSTINI PUJI LESTARI',' JURANG 2/1 KEMLOKO KRANGGAN\r\n','3323134108950003','332','085806961134','TEMANGGUNG','1995-08-01',1,'2019-09-10 12:41:24',0,''),('K100919027','KUNDI PRAMUDIA RETNA',' PRUPUGAN RT 04 RW 02 BOJONEGORO KEDU TEMANGGUNG\r\n','3323075104070001','332','081327172564','TEMANGGUNG','1996-03-17',2,'2019-09-10 12:43:47',0,''),('K100919028','OKTA LEVIA',' PAGERJURANG RT 02 RW 02 JAMUSAN JUMO\r\n','3323106110990001','332','085526314469','TEMANGGUNG','1999-10-21',1,'2019-09-10 12:45:08',0,''),('K100919029','HENI PURWANTI',' BANJARSARI RT 03 RW 01 KEBUMEN PRINGSURAT \r\n','3323045104790001','332','085868980337','MAGELANG','1979-04-11',2,'2019-09-10 12:46:39',0,''),('K100919030','JOKO DWIYANTO',' MANDANG RT 03 RW 02 SUCEN GEMAWANG TEMANGGUNG\r\n','3323201212940001','332','085741466922','TEMANGGUNG','1994-12-12',2,'2019-09-10 12:47:41',0,''),('K100919031','winarni',' ds. libak 1/1 mergowati kedu','3323074107790007','3323','','Temanggung.','1978-07-01',1,'2019-09-10 13:24:20',0,''),('K100919032','SEPTIAN ARI WIBOWO','KEDU GANG 3 8/3 KEDU ','3323071909880002','3323','','Temanggung','1987-09-18',1,'2019-09-10 13:28:36',0,''),('K100919033','SIYAMI','DS. MARGOSARI 11/5 ROWO KANDANGAN ','3323125805870001','','','Temanggung.','1987-05-24',1,'2019-09-10 13:32:18',0,''),('K100919034','TUMINAH','DSN. PURWOSARI 12/6 ROWO KANDANGAN ','3323064707500003','','','Temanggung','1979-07-07',1,'2019-09-10 13:35:36',0,''),('K100919035','MUNTIYANAH','WONOLOBO ii 1/3 TEPUSEN KALORAN TEMANGGUNG ','33230560047000001','','','Temanggung','1970-04-20',1,'2019-09-10 13:42:21',0,''),('K100919036','SOLEHAH','KAWANGAN 1/3 KATAAN NGADIREJO ','3323095105850002','','','Temanggung','1985-05-11',1,'2019-09-10 13:47:20',0,''),('K100919037','SARBIYAH','DS. GABUGAN 1/9 TEGLASARI KEDU','3323074510650006','3323','08','Temanggung.','1965-10-05',1,'2019-09-10 13:48:49',1,''),('K100919038','MUHAMAD KAMBALI','DS. GABUGAN 6/10 TEGALSARI KEDU','3323070909730001','33','08','Temanggung','1973-09-09',1,'2019-09-10 13:52:37',1,''),('K100919039','SUSWATI','DS. GROGOL 5/3 KUTOANYAR KEDU','3323076904840004','3323','08','Temanggung.','1984-04-29',1,'2019-09-10 13:54:41',1,''),('K100919040','RINI SETYANINGSIH','DSN. GARON 3/6 PURBOSARI NGADIREJO','3323095606990002','3323','08','Temanggung','1999-07-13',1,'2019-09-10 13:58:26',1,''),('K100919041','NUR ZAIDAH','KRAJAN I 1/1 PADURESO JUMO ','3323106405800003','','','Temanggung','1980-05-24',1,'2019-09-10 14:03:26',0,''),('K100919042','MARFUAH','KRAJAN ii 4/2 PADURESO JUMO ','3323','','','Temanggung','1985-05-12',1,'2019-09-10 14:05:32',0,''),('K100919043','WENING KINARTI','BARABG WETAN 9/1 BARANG JUMO ','3323106706860001','','','Temanggung','1983-06-27',1,'2019-09-10 14:07:38',0,''),('K110919001','Mahfud Amri',' Dsn Mulyosari Rt 04 Rw 03 Rowo Kandangan','3323060610960001','3323061912050895','085858967559','Temanggung','1996-10-06',1,'2019-09-11 13:13:34',0,''),('K110919002','SUMARSIH','Ds Wangunsuko Rt 01/ Rw 03 Sukomarto Jumo','3323106511740001','3323','08','Temanggung','1974-11-25',1,'2019-09-11 09:08:42',0,''),('K110919003','SUGINI',' Ds. Libak Rt 01/ Rw 08 Ngadisepi Gemawang','3323','3323','08','Temanggung','2019-09-11',1,'2019-09-11 09:29:00',0,''),('K110919004','TITIK BUDIYARTI',' Ds Sayangan Rt 02/ Rw 02 Ngadisepi Gemawang','3323','3323','08','Temanggung','2019-09-11',1,'2019-09-11 09:35:59',0,''),('K110919005','SUTARNI',' Susukan Rt 03/ Rw 04 Purbosari Ngadirejo','3323','3323','08','Temanggung','1977-08-01',1,'2019-09-11 09:37:28',0,''),('K110919006','EMA INDIYANI',' Karangsari Rt 03/ Rw 06 Parakan','3323','3323','08','Temanggung','2019-09-11',1,'2019-09-11 09:38:43',0,''),('K110919007','SULASTRI',' Sungapan Rt 05/ Rw 03 Jamusan Jumo','3322','3323','08','Temanggung','2019-09-11',1,'2019-09-11 09:39:50',0,''),('K110919008','INDARTI',' Tegesan Rt 02/ Rw 01 Samiranan Kandangan','3323','3323','08','Temanggung','2019-09-11',1,'2019-09-11 09:47:21',0,''),('K110919009','RINA SRIYANTI',' Ds Jombor Kuncen Rt 01/ Rw 03 Jumo','3323','3323','08','Temanggung','2019-09-11',1,'2019-09-11 09:49:15',0,''),('K110919010','YUSMIYANTO','TEGALSARI 2/2 WADAS KANDANGAN ','3323061110830001','','','Temanggung','1983-10-11',1,'2019-09-11 14:15:04',0,''),('K110919011','SETYANINGSIH','DSN. KARANGWETAN 2/3 NGIMBRANG BULU','3323015505750002','3323','08','Temanggung','1975-05-15',1,'2019-09-11 14:21:30',1,''),('K110919012','SUPRAPTI','GANG vi DANUREJO 1/6 KEDU ','3323','','','Temanggung.','1991-12-05',1,'2019-09-11 14:24:03',0,''),('K110919013','MARTINI','SALAMAN 4/2 CAMPURSALAM PARAKAN ','3323086777600001','','','Temanggung','1960-11-21',1,'2019-09-11 14:28:39',2,''),('K110919014','Martini ',' Salaman Rt 04 Rw 02 Campursalam Parakan','3323086111600001','3323','','Temanggung','1960-02-11',1,'2019-09-11 14:37:21',2,''),('K110919015','martini','salaman 4/2 campursalam parakan ','3323086777600001','','','Temanggung','1960-11-21',1,'2019-09-11 13:14:40',0,''),('K110919016','RISNAWATI','TANDURAN 2/2 CATURANOM PARAKAN ','3323','','','Temanggung','1985-10-05',1,'2019-09-11 13:21:56',0,''),('K110919017','WIWIK INASTI','DSN. BARANG WETAN 3/1 BARANG JUMO ','33231068127800002','','','Temanggung','1978-12-28',1,'2019-09-11 13:28:12',0,''),('K110919018','SIYAMI','DS. MLARAN 1/5 GIYONO JUMO ','3323106306800001','','','Temanggung','1980-06-23',1,'2019-09-11 13:30:52',0,''),('K110919019','HARI SUCAHYO','KRAJAN ii 7/2 PADURESO JUMO ','3323','','','Temanggung','1991-12-05',1,'2019-09-11 13:35:41',0,''),('K110919020','INES KARMILASARI','DS. TERMAS 5/3 KANDANGAN  ','3323065711900002','','','Temanggung','1990-11-17',1,'2019-09-11 13:46:01',0,''),('K110919021','PUJI ENGGARWATI','MULYOSARI 6/3 ROWO KANDANGAN','3323066102920003','','','Temanggung','1992-02-21',1,'2019-09-11 13:48:54',0,''),('K110919022','MUBARIYAH','DSN. NGEMPLAK 1/2 KUNDISARI KEDU ','3323075102760001','','','Temanggung','1976-02-11',1,'2019-09-11 13:56:21',0,''),('K110919023','SITI ZULAIKHAH','KENDIL 3/7 TEGALSARI KEDU ','3323074307700001','','','Temanggung','1979-07-03',1,'2019-09-11 13:58:12',0,''),('K110919024','NUR YAHWATI','DS. BRAMAN TIMUR 3/4 JAMBON GEMAWANG ','3323205304950001','','','Temanggung','1995-04-12',1,'2019-09-11 14:02:39',0,''),('K110919025','MUTIAH','LINGK. KRIKIL 2/7 WALITELON SELATAN ','3323036409620001','','','Temanggung','1962-09-24',1,'2019-09-11 14:04:38',0,''),('K1209190001','SLAMET SAEFUDIN',' KALIPAHING 2/3 NGADISEPI GEMAWANG\r\n','3323200608960001','332','085800504145','TEMANGGUNG','1996-07-28',1,'2019-09-12 14:16:54',0,''),('K120919001','Yunus',' Dsn Lempong 2/3 Kemiriombo Gemawang','3323201905940001','3323202112056988','081328874540','Temanggung','1994-11-19',1,'2019-09-12 11:32:18',0,''),('K120919002','Muh Hisom',' Dsn Gamelan 1/1 Karangtejo Kedu','3323072003720001','3323072402070514','081393972272','Temanggung','1972-03-20',1,'2019-09-12 11:41:41',0,''),('K120919003','MAHA RESI ANDY SETYAWAN',' NGAGLIK RT 02 RW 17 BLORONG JUMANTORO PENGILON 03/09 JOMBOR JUMO TEMANGGUNG\r\n','331340710800003','332','085726162896','KARANGANYAR','1980-10-07',2,'2019-09-12 12:07:51',0,''),('K120919004','GITO ROMI ARIYADI',' BATUR SARI RT 01 RW 01 KLEDUNG\r\n','3323170612950002','332','08562558049','TEMANGGUNG','1995-12-06',2,'2019-09-12 12:09:16',0,''),('K120919005','BUDIYONO',' NGAGLIK, RT 02 RW 04 DESA JRAGAN\r\n','332302070770006','332','082227453876','TEMANGGUNG','1977-07-07',2,'2019-09-12 12:10:53',0,''),('K120919006','RIFKI ZULFIYANTO',' DS NGIMBRANG 2/1 BULU TEMANGGUNG \r\n','3323011206910003','332','085803095110','TEMANGGUNG','1991-06-12',1,'2019-09-12 12:12:17',0,''),('K120919007','TRI LESTARI',' DSN. DOTAKAN RT 04 RW 03 CANDIROTO\r\n','332312520493','332','085743895800','TEMANGGUNG','1993-04-12',2,'2019-09-12 12:13:47',0,''),('K120919008','SIWI TUNJUNG SAPUTRI',' GONDANGSARI 2/4 GONDANGWAYANG KEDU\r\n','3323096701970001','332','0895415458933','TEMANGGUNG','1997-01-27',1,'2019-09-12 12:14:50',0,''),('K120919009','VIKA AMELIA NURJANAH',' KEDU GANG 3 RT 06 RW 03 KEDU TEMANGGUNG\r\n','3323076705940001','332','085740525073','TEMANGGUNG','1994-05-27',2,'2019-09-12 12:16:27',0,''),('K120919010','Adimas sanjaya',' Dsn Krajan Kulon Rt 02 Rw 02 Giyono Jumo','3323095810990001','3323','','Temanggung','1998-10-11',1,'2019-09-12 12:20:18',2,''),('K120919011','ERLIN AMALIA',' CAMPURSALAM RT 02 RW 02 PARAKAN TEMANGGUNG\r\n','3323086809970005','332','085743211590','TEMANGGUNG','1997-09-02',2,'2019-09-12 12:21:10',0,''),('K120919012','ERNI SETYOWATI',' CARIKAN II RT 03 RW 01 KERTOSARI JUMO TEMANGGUNG\r\n','3323105404950001','332','085742298050','TEMANGGUNG','1995-04-14',1,'2019-09-12 12:22:29',0,''),('K120919013','MAYA SYARIFATUL FAJARAH',' SAWAHAN  1/2 TEGALSARI KEDU, TEMANGGUNG\r\n','3323075408950004','332','081325409512','TEMANGGUNG','1995-08-14',1,'2019-09-12 12:23:27',0,''),('K120919014','AUDIA KHAQQI',' PARAKAN KAUMAN\r\n','3308014906950001','332','082226679658','MAGELANG','1995-06-09',1,'2019-09-12 12:24:56',0,''),('K120919015','RIYANTO','Ds Pringapus Rt 03/ Rw 02 Pringapus Ngadirejo','3323','3323','08','Temanggung','1979-08-19',1,'2019-09-12 12:39:04',0,''),('K120919016','Fitriyani',' Dsn Gagaran Rt 02 Rw 04 Kataan Ngadirejo','3323174206870001','','085292175643','Temanggung','1991-06-02',1,'2019-09-12 12:40:19',0,''),('K120919017','KLUMPUK',' Ds Ngabuh Rt 04/ Rw 02 Karangseneng Gemawang','3323','3323','08','Temanggung','1960-04-15',1,'2019-09-12 12:41:39',0,''),('K120919018','JOKO PURNOMO',' Slagen Rt 06/ Rw 08 Pendowo Kranggan','3323','3323','08','Temanggung','1952-11-12',1,'2019-09-12 12:42:46',0,''),('K120919019','KOWO SUSILO',' Campursari Rt 05/ Rw 02 Caturanom','3323','3323','08','Temanggung','2019-09-12',1,'2019-09-12 12:45:16',0,''),('K120919020','RITA ZUBAIDAH',' Lingk Sendang Rt 03/ Rw 02 Walitelon','3323','3323','08','Temanggung','2019-09-12',1,'2019-09-12 12:47:02',0,''),('K120919021','DARIYATI',' Setepeng Rt 04/ Rw 03 Klepu Kranggan','3323','3323','08','Temanggung','1984-01-09',1,'2019-09-12 12:57:57',0,''),('K120919022','SRI WALKIROM',' Garung Rt 12/ Rw 04 Butuh Kalikajar','3323','3323','088','WONOSOBO','1976-05-20',1,'2019-09-12 12:58:57',0,''),('K120919023','SITI SOLEHAH',' Liyangan Rt 05/ Rw 01 Purbosari','3323','3323','08','Temanggung','2019-09-12',1,'2019-09-12 12:59:58',0,''),('K120919024','SUKRIYAH',' Ds Kawangan Rt 01/ Rw 05 Kataan','3323','3323','05','Temanggung','2019-09-12',1,'2019-09-12 13:02:49',0,''),('K120919025','IMBUH TUMARNI',' Ds Sepi Rt 01/ Rw 04 Ngadisepi Gemawang','3323','3323','08','Temanggung','2019-09-12',1,'2019-09-12 13:04:09',0,''),('K120919026','muntayamah','tegalsari 2/1 wadas kandnagan','3323065504720003','332','08','Temanggung','1972-04-15',1,'2019-09-12 14:11:05',1,''),('K120919027','andi kusmanto','????/ ','3323','','','Temanggung','1991-12-05',1,'2019-09-12 14:14:59',0,''),('K120919028','puji lestari','wonosroyo ','3323','','','Temanggung','1991-12-05',1,'2019-09-12 14:16:16',0,''),('K120919029','zamrodah','kendil 2/7 tegalsari kedu ','3323','','','Temanggung','1991-12-05',1,'2019-09-12 14:22:13',0,''),('K120919030','dahlan','ds. sukosarono 1/2 jombor jumo','3323100912740001','3323','08','Temanggung','1974-12-09',1,'2019-09-12 14:23:39',1,''),('K120919031','hening apriliawati','jetis candimulyo kedu ','3323','','','Temanggung','1998-12-05',1,'2019-09-12 14:26:56',0,''),('K120919032','suliyah','wirodono karangtejo kedu ','3323','','','Temanggung','1991-12-05',1,'2019-09-12 14:29:27',0,''),('K120919033','yaminah','banaran gondangwayang kedu ','3323','','','Temanggung','1991-12-05',1,'2019-09-12 14:30:52',0,''),('K120919034','MAD KHAFIFUDIN','PURWOSARI 12/6 ROWO KANDNAGAN ','3323','','','Temanggung','1985-12-05',1,'2019-09-12 14:39:21',0,''),('K120919035','PARINAH','MULYO 3/1 PANDEMULYO BULU ','3323015012800002','','','Temanggung','1980-12-10',1,'2019-09-12 14:44:17',0,''),('K120919036','YULIATUN','DS. GEDEGAN GIRIPURNO NGADIREJO ','3323','','','Temanggung','1991-12-05',1,'2019-09-12 14:52:44',0,''),('K120919037','SUDIYONO',' DSN. GARON PURBOSARI NGADIREJO','3323','','','Temanggung','1995-12-05',1,'2019-09-12 14:55:22',0,''),('K120919038','sabiah','Dsn. Grogol 2/2 kutoanyar kedu ','3323075609540001','','','Temanggung','1954-09-16',1,'2019-09-12 06:10:39',0,''),('K120919039','siti sholichah','ds. Grogol 2/2 kutoanyar kedu ','3323044306890001','','','Temanggung','1989-06-03',1,'2019-09-12 06:12:58',0,''),('K130919001','AGUS SUPRIYANTO',' MENAYU RT 02 RW 02 BULU TEMANGGUNG\r\n','3323010902770001','332','082134579953','TEMANGGUNG','1977-02-09',2,'2019-09-13 06:24:06',0,''),('K130919002','ZULFA KHOIRUL UMAM',' TEGALSARI 7/4 PURWOSARI KRANGGAN\r\n','3323134206000002','332','081391222174','TEMANGGUNG','2000-06-02',1,'2019-09-13 06:25:38',0,''),('K130919003','KOMARUDI',' LINGKUNGAN SENDANG WALITELON SELATAN TEMANGGUNG\r\n','3323058806890001','332','089648592903','TEMANGGUNG','1989-06-08',1,'2019-09-13 06:26:44',0,''),('K130919004','TUTIK ANJARWANI',' KARANG MANGGIS RT 01 RW 03 KARANG SENENG GEMAWANG\r\n','3323205912950001','332','085740020875','TEMANGGUNG','1995-12-19',2,'2019-09-13 06:32:30',0,''),('K130919005','NASRULLAH EFENDI','JL. KALIMNTAN 60 PONOROGO\r\n ','3502170703830003','332','081239590992','PONOROGO','1983-03-07',2,'2019-09-13 06:33:36',0,''),('K130919006','BEKTI YUNI MAHARANI',' DSN BABADAN 04/07 KEMIRIOMBO GEMAWANG\r\n','3323204906950001','332','081228502770','TEMANGGUNG','1995-06-09',2,'2019-09-13 06:37:57',0,''),('K130919007','ARDHYKA WULAN SAPUTRI',' GABUNGAN RT 01 RW 09 TEGALSARI KEDU\r\n','3323075305950003','332','081327497763','TEMANGGUNG','1995-05-13',1,'2019-09-13 06:41:28',0,''),('K130919008','RITA NINGSIH',' BARANG KULON 02/02 BARANG JUMO TEMANGGUNG\r\n','332310661290005','332','085729705458','TEMANGGUNG','1990-12-26',2,'2019-09-13 06:43:22',0,''),('K130919009','GHUFRON MACHMUD',' MRIAN KULON RT 01 RW 03 KUNDISARI KEDU\r\n','3323073009910001','332','081214480398','TEMANGGUNG','1991-09-30',2,'2019-09-13 06:44:50',0,''),('K130919010','FATKHUL AZIZ',' SESEH 01/09 NGADISEPI GEMAWANG\r\n','3323200706970001','332','082329443402','TEMANGGUNG','1997-06-07',1,'2019-09-13 06:45:50',0,''),('K130919011','TRI ANDRIANI',' KARANG MANGGIS RT 03 RW 03 KARANGSENENG GEMAWANG\r\n','3323204907940002','332','085601896665','TEMANGGUNG','1994-07-09',2,'2019-09-13 06:47:33',0,''),('K130919012','AHMAD ARIFIN',' WADAS WETAN 02/07 WADAS KANDANGAN \r\n','3323083012840003','332','085642636230','TEMANGGUNG','1984-12-30',2,'2019-09-13 06:51:01',0,''),('K130919013','ARIF NUR YAHYA',' Kembaran 7/1 Campursalam, Parakan, Temanggung\r\n','3323082712800005','332','085799037382','TEMANGGUNG','1980-12-27',2,'2019-09-13 06:52:25',0,''),('K130919014','WITDIYONO',' KRAJAN RT 04 RW 01 PETIREJO, NGADIREJO\r\n','3323090612870003','332','08562954020','TEMANGGUNG','1987-12-06',2,'2019-09-13 06:53:49',0,''),('K130919015','ARIF SUSANTO ',' DSN. SUMBERAN DSN PETIREJO\r\n','3323092803950001','332','085643533740','TEMANGGUNG','1995-03-28',2,'2019-09-13 06:55:09',0,''),('K130919016','FIFI ELISANDI',' GROGOL RT 02 RW 02 KUTOANYAR KEDU TEMANGGUNG\r\n','3323075809920003','332','085942041255','TEMANGGUNG','1992-09-18',2,'2019-09-13 06:56:25',0,''),('K130919017','SRI NUR JANAH',' KARANGBENDO RT 02 RW 03 TEGALROSO PARAKAN TEMANGGUNG\r\n','3323084106960002','332','085702271231','TEMANGGUNG','1996-06-01',2,'2019-09-13 06:59:25',0,''),('K130919018','ESTI RAHMANINGSIH',' DSN KRAJAN RT 02 RW 01 LEMPUYANG CANDIROTO TEMANGGUNG\r\n','3323104809900005','332','085643294926','TEMANGGUNG','1990-09-08',1,'2019-09-13 07:00:27',0,''),('K130919019','RAKHA SATRIO AJI PRATAMA',' JUBUG 2/2 WANUTENGAH PARAKAN\r\n','332308291160001','332','085747350822','TEMANGGUNG','1996-11-29',1,'2019-09-13 07:01:40',0,''),('K130919020','AFRIN IRNAWATI','KRAJAN RT 07 RW 01 LEMPUYUNG CANDIROTO\r\n','3323126904990001','332','085867427504','TEMANGGUNG','1999-04-29',2,'2019-09-13 07:03:13',0,''),('K130919021','YUYUN FITRASTUTI',' BANDUNG RT 02 RW 06 BANDUNGGEDE KEDU TEMANGGUNG\r\n','3323076806960003','332','085601560409','TEMANGGUNG','1996-02-26',2,'2019-09-13 07:04:35',0,''),('K130919022','CHOIRUL ANWAR',' DSN. TAPAK 3/4 GIYONO JUMO\r\n','3323101210000001','332','088225444603','TEMANGGUNG','2000-10-12',1,'2019-09-13 07:05:47',0,''),('K130919023','FINA SOFIANA',' DUSUN SUSUKAN RT 01 RW 04 PURBOSARI NGADIREJO TEMANGGUNG\r\n','3323095105950004','332','085643964764','TEMANGGUNG','1995-05-11',2,'2019-09-13 07:07:00',0,''),('K130919024','LAILI SANGADAH',' GARUNG BUTUH RT 09 RW 02 KALIKAJAR  WONOSOBO\r\n','3307076106930005','332','085743347434','WONOSOBO','1993-06-21',2,'2019-09-13 07:09:48',0,''),('K130919025','RIRIN SUCIANA',' SANGKON TUKSARI RT 03 RW 02 KLEDUNG TEMANGGUNG\r\n','3323176609930001','332','085726648055','TEMANGGUNG','1993-09-26',2,'2019-09-13 07:10:45',0,''),('K130919026','FATKHURRIZKIYAH',' BANYUURIP RT 06 RW 02 BULU TEMANGGUNG\r\n','332301530930003','332','085878523645','TEMANGGUNG','1993-08-13',2,'2019-09-13 07:11:47',0,''),('K130919027','EDI PURNAMA',' KRAJAN 1 RT 04 RW 07 KRAJAN KANDANGAN TEMANGGUNG\r\n','3323060401820004','332','085385742865','TEMANGGUNG','1982-01-04',2,'2019-09-13 07:15:55',0,''),('K130919028','ASIH AWALIA PUTRI',' BATUR SARI RT 01 RW 01 KLEDUNG\r\n','3404075607940001','332','085741985256','BANJARNEGARA','1994-07-16',2,'2019-09-13 07:17:30',0,''),('K130919029','YUNI TRI WARDANI',' KRAJAN 5/1 PETIREJO NGADIREJO\r\n','3323094406000002','332','083842337348','TEMANGGUNG','2000-06-04',1,'2019-09-13 07:18:59',0,''),('K130919030','KURNIA APRILYA',' JETIS KAUMAN RT 04 W 12 PARAKAN KAUMAN\r\n','3323085404960003','332','081327284167','SEMARANG','1996-04-14',1,'2019-09-13 07:20:03',0,''),('K130919031','DWI HASTORO',' GELANGAN RT 03 RW 02 TLOGOMULRO TEMANGGUNG\r\n','3323140807930001','332','085643007155','TEMANGGUNG','1993-07-08',1,'2019-09-13 07:22:04',0,''),('K130919032','NANANG SULISTYO',' DIWEK SUNGGINGSARI RT 03 RW 03 PARAKAN \r\n','3323082905960001','332','089513214143','TEMANGGUNG','1996-05-29',1,'2019-09-13 07:23:02',0,''),('K130919033','ISNATUN KHOLIFAH',' DSN SUCEN RT 05 TW 05 SUCEN GEMAWANG\r\n','332320712920001','332','085643361006','TEMANGGUNG','1991-12-17',2,'2019-09-13 07:24:16',0,''),('K130919034','SANTOSO ADI SAPUTRO',' DSN RECO RT 05 RW 08 DESA RECO KERTEK WONOSOBO\r\n','3307082709850003','332','082335735696','WONOSOBO','1985-09-27',2,'2019-09-13 07:25:44',0,''),('K130919035','KRISTI NALARATIH',' JAMUSAN RT 09 RW 01 JAMUSAN JUMO TEMANGGUNG\r\n','3323106305920001','332','08985105408','TEMANGGUNG','1992-05-23',2,'2019-09-13 07:26:39',0,''),('K130919036','YOGGA EGHE PANGESTU',' JL. LAWU GG I/43 P RT 004 RW 002, NOLOGATEN, PONOROGO\r\n','3502170406990007','332','083851716726','PONOROGO','1999-06-04',2,'2019-09-13 07:28:18',0,''),('K130919037','DIAH AYU RAHMAWATI','DSN.TANDURAN RT 01 RW 04 CATURANOM, \r\n','3323014307980002','332','085743276576','TEMANGGUNG','1998-07-03',2,'2019-09-13 07:31:08',0,''),('K130919038','WENING SARASWATI',' WARUNGSARI 1/2 MANDISARI PARAKAN\r\n','3323084706930002','332','081392439715','TEMANGGUNG','1993-06-07',1,'2019-09-13 07:32:18',0,''),('K130919039','FAIZA FUTRI FITRIA',' GONDANG DHUWUR 5/1 MANGGONG NGADIREJO\r\n','3323096310950002','332','081229920814','TEMANGGUNG','1995-11-23',1,'2019-09-13 07:34:02',0,''),('K130919040','MUJIONO',' PENDOWO RT 04 RW 17 PENDOWO KRANGGAN TEMANGGUNG\r\n','3323131404760001','332','081392137690','TEMANGGUNG','1977-11-18',1,'2019-09-13 07:38:29',0,''),('K130919041','DESTO WASMA\'UN','DSN.TAPAK 001/004 GIYONO,JUMO, TEMANGGUNG\r\n ','3323101412980001','332','083131798806','TEMANGGUNG','1998-12-14',2,'2019-09-13 07:39:52',0,''),('K130919042','Wahyudi','Sontonayan 5/3 Kapencar Kertek','3323201510770001','3307081001130001','085866074783','Temanggung','1977-11-15',1,'2019-09-13 08:07:45',0,''),('K130919043','SIYAMI','Ds Margosari Rt 11/ Rw 5 Rowo Kandangan ','3323','3323','08','Temanggung','1967-05-24',1,'2019-09-13 08:09:34',1,''),('K130919044','PURYANTO',' Ds Silegok Rt 02/ Rw 04 Karangseneng Gemawang ','323','3323','08','Temanggung','1972-09-12',1,'2019-09-13 08:16:08',1,''),('K130919045','SAIMAH',' Ds Mandang Rt 05/ Rw 01 Sucen Gewang ','3323','3323','08','Temanggung','1965-05-30',1,'2019-09-13 08:22:42',1,''),('K130919046','PUJI RAHAYU','Pendowo Rt 04/ Rw 17 Kranggan','3323','3323','08','Temanggung','1977-11-18',1,'2019-09-13 08:23:28',2,''),('K130919047','PUJI ENGGARWATI',' Mulyosari Rt 06/ Rw 03 Rowo Kandangan','3323','3323','08','Temanggung','1992-02-21',1,'2019-09-13 08:25:21',0,''),('K130919048','WATINAH',' Plikon Rt 04 Rw 04 Gandulan Kaloran','3323','3323','08','Temanggung','1978-06-20',1,'2019-09-13 08:36:38',0,''),('K130919049','ISTI KOMTIYAH',' Ds Balekerso Rt 01/ Rw 04 Gedongsari Jumo','3323','3323','08','Temanggung','1992-10-21',1,'2019-09-13 08:37:51',0,''),('K130919050','Sutrisno',' Dsn Gondang 4/4 Candiroto Candiroto','3323121105680003','3323122402070351','085740677670','Temanggung','1968-05-11',1,'2019-09-13 06:22:12',0,''),('K140919001','Warnadi',' Muncar Krajan 8/10 Muncar Gemawang','3307082006890003','3323202201180001','081548441901','Wonosobo','1989-06-20',1,'2019-09-14 08:16:32',0,'');
/*!40000 ALTER TABLE `anggota` ENABLE KEYS */;
UNLOCK TABLES;

--
-- Table structure for table `angsuran`
--

DROP TABLE IF EXISTS `angsuran`;
/*!40101 SET @saved_cs_client     = @@character_set_client */;
/*!40101 SET character_set_client = utf8 */;
CREATE TABLE `angsuran` (
  `ags_id` int(11) NOT NULL AUTO_INCREMENT,
  `pin_id` varchar(25) NOT NULL COMMENT 'fk dari pinjaman',
  `ang_angsuranke` int(3) NOT NULL,
  `ags_tgljatuhtempo` datetime NOT NULL,
  `ags_tglbayar` datetime NOT NULL,
  `ags_jmlpokok` float NOT NULL DEFAULT 0,
  `ags_jmlbunga` float NOT NULL DEFAULT 0,
  `ags_jmlbayar` float DEFAULT NULL,
  `ags_denda` float DEFAULT NULL,
  `ags_bayartunggakan` float DEFAULT NULL,
  `ags_status` tinyint(1) NOT NULL DEFAULT 0 COMMENT '0:belumbayar 1:kurang 2:bayar',
  `ags_tgl` datetime NOT NULL,
  `ags_flag` tinyint(2) NOT NULL,
  `ags_info` text NOT NULL,
  PRIMARY KEY (`ags_id`)
) ENGINE=InnoDB AUTO_INCREMENT=370 DEFAULT CHARSET=latin1;
/*!40101 SET character_set_client = @saved_cs_client */;

--
-- Dumping data for table `angsuran`
--

LOCK TABLES `angsuran` WRITE;
/*!40000 ALTER TABLE `angsuran` DISABLE KEYS */;
INSERT INTO `angsuran` VALUES (199,'KE030919001',1,'2019-10-02 00:00:00','0000-00-00 00:00:00',500000,240000,NULL,NULL,NULL,0,'0000-00-00 00:00:00',0,''),(200,'KE030919001',2,'2019-11-02 00:00:00','0000-00-00 00:00:00',500000,240000,NULL,NULL,NULL,0,'0000-00-00 00:00:00',0,''),(201,'KE030919001',3,'2019-12-02 00:00:00','0000-00-00 00:00:00',500000,240000,NULL,NULL,NULL,0,'0000-00-00 00:00:00',0,''),(202,'KE030919001',4,'2020-01-02 00:00:00','0000-00-00 00:00:00',500000,240000,NULL,NULL,NULL,0,'0000-00-00 00:00:00',0,''),(203,'KE030919001',5,'2020-02-02 00:00:00','0000-00-00 00:00:00',500000,240000,NULL,NULL,NULL,0,'0000-00-00 00:00:00',0,''),(204,'KE030919001',6,'2020-03-02 00:00:00','0000-00-00 00:00:00',500000,240000,NULL,NULL,NULL,0,'0000-00-00 00:00:00',0,''),(205,'KE030919001',7,'2020-04-02 00:00:00','0000-00-00 00:00:00',500000,240000,NULL,NULL,NULL,0,'0000-00-00 00:00:00',0,''),(206,'KE030919001',8,'2020-05-02 00:00:00','0000-00-00 00:00:00',500000,240000,NULL,NULL,NULL,0,'0000-00-00 00:00:00',0,''),(207,'KE030919001',9,'2020-06-02 00:00:00','0000-00-00 00:00:00',500000,240000,NULL,NULL,NULL,0,'0000-00-00 00:00:00',0,''),(208,'KE030919001',10,'2020-07-02 00:00:00','0000-00-00 00:00:00',500000,240000,NULL,NULL,NULL,0,'0000-00-00 00:00:00',0,''),(209,'KE030919001',11,'2020-08-02 00:00:00','0000-00-00 00:00:00',500000,240000,NULL,NULL,NULL,0,'0000-00-00 00:00:00',0,''),(210,'KE030919001',12,'2020-09-02 00:00:00','0000-00-00 00:00:00',500000,240000,NULL,NULL,NULL,0,'0000-00-00 00:00:00',0,''),(211,'KE040919001',1,'2019-10-03 00:00:00','0000-00-00 00:00:00',916667,440000,NULL,NULL,NULL,0,'0000-00-00 00:00:00',0,''),(212,'KE040919001',2,'2019-11-03 00:00:00','0000-00-00 00:00:00',916667,440000,NULL,NULL,NULL,0,'0000-00-00 00:00:00',0,''),(213,'KE040919001',3,'2019-12-03 00:00:00','0000-00-00 00:00:00',916667,440000,NULL,NULL,NULL,0,'0000-00-00 00:00:00',0,''),(214,'KE040919001',4,'2020-01-03 00:00:00','0000-00-00 00:00:00',916667,440000,NULL,NULL,NULL,0,'0000-00-00 00:00:00',0,''),(215,'KE040919001',5,'2020-02-03 00:00:00','0000-00-00 00:00:00',916667,440000,NULL,NULL,NULL,0,'0000-00-00 00:00:00',0,''),(216,'KE040919001',6,'2020-03-03 00:00:00','0000-00-00 00:00:00',916667,440000,NULL,NULL,NULL,0,'0000-00-00 00:00:00',0,''),(217,'KE040919001',7,'2020-04-03 00:00:00','0000-00-00 00:00:00',916667,440000,NULL,NULL,NULL,0,'0000-00-00 00:00:00',0,''),(218,'KE040919001',8,'2020-05-03 00:00:00','0000-00-00 00:00:00',916667,440000,NULL,NULL,NULL,0,'0000-00-00 00:00:00',0,''),(219,'KE040919001',9,'2020-06-03 00:00:00','0000-00-00 00:00:00',916667,440000,NULL,NULL,NULL,0,'0000-00-00 00:00:00',0,''),(220,'KE040919001',10,'2020-07-03 00:00:00','0000-00-00 00:00:00',916667,440000,NULL,NULL,NULL,0,'0000-00-00 00:00:00',0,''),(221,'KE040919001',11,'2020-08-03 00:00:00','0000-00-00 00:00:00',916667,440000,NULL,NULL,NULL,0,'0000-00-00 00:00:00',0,''),(222,'KE040919001',12,'2020-09-03 00:00:00','0000-00-00 00:00:00',916667,440000,NULL,NULL,NULL,0,'0000-00-00 00:00:00',0,''),(223,'KE060919001',1,'2019-10-03 00:00:00','0000-00-00 00:00:00',416667,200000,NULL,NULL,NULL,0,'0000-00-00 00:00:00',0,''),(224,'KE060919001',2,'2019-11-03 00:00:00','0000-00-00 00:00:00',416667,200000,NULL,NULL,NULL,0,'0000-00-00 00:00:00',0,''),(225,'KE060919001',3,'2019-12-03 00:00:00','0000-00-00 00:00:00',416667,200000,NULL,NULL,NULL,0,'0000-00-00 00:00:00',0,''),(226,'KE060919001',4,'2020-01-03 00:00:00','0000-00-00 00:00:00',416667,200000,NULL,NULL,NULL,0,'0000-00-00 00:00:00',0,''),(227,'KE060919001',5,'2020-02-03 00:00:00','0000-00-00 00:00:00',416667,200000,NULL,NULL,NULL,0,'0000-00-00 00:00:00',0,''),(228,'KE060919001',6,'2020-03-03 00:00:00','0000-00-00 00:00:00',416667,200000,NULL,NULL,NULL,0,'0000-00-00 00:00:00',0,''),(229,'KE060919001',7,'2020-04-03 00:00:00','0000-00-00 00:00:00',416667,200000,NULL,NULL,NULL,0,'0000-00-00 00:00:00',0,''),(230,'KE060919001',8,'2020-05-03 00:00:00','0000-00-00 00:00:00',416667,200000,NULL,NULL,NULL,0,'0000-00-00 00:00:00',0,''),(231,'KE060919001',9,'2020-06-03 00:00:00','0000-00-00 00:00:00',416667,200000,NULL,NULL,NULL,0,'0000-00-00 00:00:00',0,''),(232,'KE060919001',10,'2020-07-03 00:00:00','0000-00-00 00:00:00',416667,200000,NULL,NULL,NULL,0,'0000-00-00 00:00:00',0,''),(233,'KE060919001',11,'2020-08-03 00:00:00','0000-00-00 00:00:00',416667,200000,NULL,NULL,NULL,0,'0000-00-00 00:00:00',0,''),(234,'KE060919001',12,'2020-09-03 00:00:00','0000-00-00 00:00:00',416667,200000,NULL,NULL,NULL,0,'0000-00-00 00:00:00',0,''),(235,'KE050919001',1,'2019-10-03 00:00:00','0000-00-00 00:00:00',150000,60000,NULL,NULL,NULL,0,'0000-00-00 00:00:00',0,''),(236,'KE050919001',2,'2019-11-03 00:00:00','0000-00-00 00:00:00',150000,60000,NULL,NULL,NULL,0,'0000-00-00 00:00:00',0,''),(237,'KE050919001',3,'2019-12-03 00:00:00','0000-00-00 00:00:00',150000,60000,NULL,NULL,NULL,0,'0000-00-00 00:00:00',0,''),(238,'KE050919001',4,'2020-01-03 00:00:00','0000-00-00 00:00:00',150000,60000,NULL,NULL,NULL,0,'0000-00-00 00:00:00',0,''),(239,'KE050919001',5,'2020-02-03 00:00:00','0000-00-00 00:00:00',150000,60000,NULL,NULL,NULL,0,'0000-00-00 00:00:00',0,''),(240,'KE050919001',6,'2020-03-03 00:00:00','0000-00-00 00:00:00',150000,60000,NULL,NULL,NULL,0,'0000-00-00 00:00:00',0,''),(241,'KE050919001',7,'2020-04-03 00:00:00','0000-00-00 00:00:00',150000,60000,NULL,NULL,NULL,0,'0000-00-00 00:00:00',0,''),(242,'KE050919001',8,'2020-05-03 00:00:00','0000-00-00 00:00:00',150000,60000,NULL,NULL,NULL,0,'0000-00-00 00:00:00',0,''),(243,'KE050919001',9,'2020-06-03 00:00:00','0000-00-00 00:00:00',150000,60000,NULL,NULL,NULL,0,'0000-00-00 00:00:00',0,''),(244,'KE050919001',10,'2020-07-03 00:00:00','0000-00-00 00:00:00',150000,60000,NULL,NULL,NULL,0,'0000-00-00 00:00:00',0,''),(245,'KE050919002',1,'2019-10-06 00:00:00','0000-00-00 00:00:00',125000,60000,NULL,NULL,NULL,0,'0000-00-00 00:00:00',0,''),(246,'KE050919002',2,'2019-11-06 00:00:00','0000-00-00 00:00:00',125000,60000,NULL,NULL,NULL,0,'0000-00-00 00:00:00',0,''),(247,'KE050919002',3,'2019-12-06 00:00:00','0000-00-00 00:00:00',125000,60000,NULL,NULL,NULL,0,'0000-00-00 00:00:00',0,''),(248,'KE050919002',4,'2020-01-06 00:00:00','0000-00-00 00:00:00',125000,60000,NULL,NULL,NULL,0,'0000-00-00 00:00:00',0,''),(249,'KE050919002',5,'2020-02-06 00:00:00','0000-00-00 00:00:00',125000,60000,NULL,NULL,NULL,0,'0000-00-00 00:00:00',0,''),(250,'KE050919002',6,'2020-03-06 00:00:00','0000-00-00 00:00:00',125000,60000,NULL,NULL,NULL,0,'0000-00-00 00:00:00',0,''),(251,'KE050919002',7,'2020-04-06 00:00:00','0000-00-00 00:00:00',125000,60000,NULL,NULL,NULL,0,'0000-00-00 00:00:00',0,''),(252,'KE050919002',8,'2020-05-06 00:00:00','0000-00-00 00:00:00',125000,60000,NULL,NULL,NULL,0,'0000-00-00 00:00:00',0,''),(253,'KE050919002',9,'2020-06-06 00:00:00','0000-00-00 00:00:00',125000,60000,NULL,NULL,NULL,0,'0000-00-00 00:00:00',0,''),(254,'KE050919002',10,'2020-07-06 00:00:00','0000-00-00 00:00:00',125000,60000,NULL,NULL,NULL,0,'0000-00-00 00:00:00',0,''),(255,'KE050919002',11,'2020-08-06 00:00:00','0000-00-00 00:00:00',125000,60000,NULL,NULL,NULL,0,'0000-00-00 00:00:00',0,''),(256,'KE050919002',12,'2020-09-06 00:00:00','0000-00-00 00:00:00',125000,60000,NULL,NULL,NULL,0,'0000-00-00 00:00:00',0,''),(257,'KE050919003',1,'2019-10-07 00:00:00','0000-00-00 00:00:00',200000,80000,NULL,NULL,NULL,0,'0000-00-00 00:00:00',0,''),(258,'KE050919003',2,'2019-11-07 00:00:00','0000-00-00 00:00:00',200000,80000,NULL,NULL,NULL,0,'0000-00-00 00:00:00',0,''),(259,'KE050919003',3,'2019-12-07 00:00:00','0000-00-00 00:00:00',200000,80000,NULL,NULL,NULL,0,'0000-00-00 00:00:00',0,''),(260,'KE050919003',4,'2020-01-07 00:00:00','0000-00-00 00:00:00',200000,80000,NULL,NULL,NULL,0,'0000-00-00 00:00:00',0,''),(261,'KE050919003',5,'2020-02-07 00:00:00','0000-00-00 00:00:00',200000,80000,NULL,NULL,NULL,0,'0000-00-00 00:00:00',0,''),(262,'KE050919003',6,'2020-03-07 00:00:00','0000-00-00 00:00:00',200000,80000,NULL,NULL,NULL,0,'0000-00-00 00:00:00',0,''),(263,'KE050919003',7,'2020-04-07 00:00:00','0000-00-00 00:00:00',200000,80000,NULL,NULL,NULL,0,'0000-00-00 00:00:00',0,''),(264,'KE050919003',8,'2020-05-07 00:00:00','0000-00-00 00:00:00',200000,80000,NULL,NULL,NULL,0,'0000-00-00 00:00:00',0,''),(265,'KE050919003',9,'2020-06-07 00:00:00','0000-00-00 00:00:00',200000,80000,NULL,NULL,NULL,0,'0000-00-00 00:00:00',0,''),(266,'KE050919003',10,'2020-07-07 00:00:00','0000-00-00 00:00:00',200000,80000,NULL,NULL,NULL,0,'0000-00-00 00:00:00',0,''),(267,'KE060919002',1,'2019-10-03 00:00:00','0000-00-00 00:00:00',250000,37500,NULL,NULL,NULL,0,'0000-00-00 00:00:00',0,''),(268,'KE060919002',2,'2019-11-03 00:00:00','0000-00-00 00:00:00',250000,37500,NULL,NULL,NULL,0,'0000-00-00 00:00:00',0,''),(269,'KE060919002',3,'2019-12-03 00:00:00','0000-00-00 00:00:00',250000,37500,NULL,NULL,NULL,0,'0000-00-00 00:00:00',0,''),(270,'KE060919002',4,'2020-01-03 00:00:00','0000-00-00 00:00:00',250000,37500,NULL,NULL,NULL,0,'0000-00-00 00:00:00',0,''),(271,'KE060919002',5,'2020-02-03 00:00:00','0000-00-00 00:00:00',250000,37500,NULL,NULL,NULL,0,'0000-00-00 00:00:00',0,''),(272,'KE060919002',6,'2020-03-03 00:00:00','0000-00-00 00:00:00',250000,37500,NULL,NULL,NULL,0,'0000-00-00 00:00:00',0,''),(273,'KE090919001',1,'2019-10-09 00:00:00','0000-00-00 00:00:00',200000,80000,NULL,NULL,NULL,0,'0000-00-00 00:00:00',0,''),(274,'KE090919001',2,'2019-11-09 00:00:00','0000-00-00 00:00:00',200000,80000,NULL,NULL,NULL,0,'0000-00-00 00:00:00',0,''),(275,'KE090919001',3,'2019-12-09 00:00:00','0000-00-00 00:00:00',200000,80000,NULL,NULL,NULL,0,'0000-00-00 00:00:00',0,''),(276,'KE090919001',4,'2020-01-09 00:00:00','0000-00-00 00:00:00',200000,80000,NULL,NULL,NULL,0,'0000-00-00 00:00:00',0,''),(277,'KE090919001',5,'2020-02-09 00:00:00','0000-00-00 00:00:00',200000,80000,NULL,NULL,NULL,0,'0000-00-00 00:00:00',0,''),(278,'KE090919001',6,'2020-03-09 00:00:00','0000-00-00 00:00:00',200000,80000,NULL,NULL,NULL,0,'0000-00-00 00:00:00',0,''),(279,'KE090919001',7,'2020-04-09 00:00:00','0000-00-00 00:00:00',200000,80000,NULL,NULL,NULL,0,'0000-00-00 00:00:00',0,''),(280,'KE090919001',8,'2020-05-09 00:00:00','0000-00-00 00:00:00',200000,80000,NULL,NULL,NULL,0,'0000-00-00 00:00:00',0,''),(281,'KE090919001',9,'2020-06-09 00:00:00','0000-00-00 00:00:00',200000,80000,NULL,NULL,NULL,0,'0000-00-00 00:00:00',0,''),(282,'KE090919001',10,'2020-07-09 00:00:00','0000-00-00 00:00:00',200000,80000,NULL,NULL,NULL,0,'0000-00-00 00:00:00',0,''),(283,'KE120919001',1,'2019-10-11 00:00:00','0000-00-00 00:00:00',458333,220000,NULL,NULL,NULL,0,'0000-00-00 00:00:00',0,''),(284,'KE120919001',2,'2019-11-11 00:00:00','0000-00-00 00:00:00',458333,220000,NULL,NULL,NULL,0,'0000-00-00 00:00:00',0,''),(285,'KE120919001',3,'2019-12-11 00:00:00','0000-00-00 00:00:00',458333,220000,NULL,NULL,NULL,0,'0000-00-00 00:00:00',0,''),(286,'KE120919001',4,'2020-01-11 00:00:00','0000-00-00 00:00:00',458333,220000,NULL,NULL,NULL,0,'0000-00-00 00:00:00',0,''),(287,'KE120919001',5,'2020-02-11 00:00:00','0000-00-00 00:00:00',458333,220000,NULL,NULL,NULL,0,'0000-00-00 00:00:00',0,''),(288,'KE120919001',6,'2020-03-11 00:00:00','0000-00-00 00:00:00',458333,220000,NULL,NULL,NULL,0,'0000-00-00 00:00:00',0,''),(289,'KE120919001',7,'2020-04-11 00:00:00','0000-00-00 00:00:00',458333,220000,NULL,NULL,NULL,0,'0000-00-00 00:00:00',0,''),(290,'KE120919001',8,'2020-05-11 00:00:00','0000-00-00 00:00:00',458333,220000,NULL,NULL,NULL,0,'0000-00-00 00:00:00',0,''),(291,'KE120919001',9,'2020-06-11 00:00:00','0000-00-00 00:00:00',458333,220000,NULL,NULL,NULL,0,'0000-00-00 00:00:00',0,''),(292,'KE120919001',10,'2020-07-11 00:00:00','0000-00-00 00:00:00',458333,220000,NULL,NULL,NULL,0,'0000-00-00 00:00:00',0,''),(293,'KE120919001',11,'2020-08-11 00:00:00','0000-00-00 00:00:00',458333,220000,NULL,NULL,NULL,0,'0000-00-00 00:00:00',0,''),(294,'KE120919001',12,'2020-09-11 00:00:00','0000-00-00 00:00:00',458333,220000,NULL,NULL,NULL,0,'0000-00-00 00:00:00',0,''),(295,'KE120919002',1,'2019-10-12 00:00:00','0000-00-00 00:00:00',250000,120000,NULL,NULL,NULL,0,'0000-00-00 00:00:00',0,''),(296,'KE120919002',2,'2019-11-12 00:00:00','0000-00-00 00:00:00',250000,120000,NULL,NULL,NULL,0,'0000-00-00 00:00:00',0,''),(297,'KE120919002',3,'2019-12-12 00:00:00','0000-00-00 00:00:00',250000,120000,NULL,NULL,NULL,0,'0000-00-00 00:00:00',0,''),(298,'KE120919002',4,'2020-01-12 00:00:00','0000-00-00 00:00:00',250000,120000,NULL,NULL,NULL,0,'0000-00-00 00:00:00',0,''),(299,'KE120919002',5,'2020-02-12 00:00:00','0000-00-00 00:00:00',250000,120000,NULL,NULL,NULL,0,'0000-00-00 00:00:00',0,''),(300,'KE120919002',6,'2020-03-12 00:00:00','0000-00-00 00:00:00',250000,120000,NULL,NULL,NULL,0,'0000-00-00 00:00:00',0,''),(301,'KE120919002',7,'2020-04-12 00:00:00','0000-00-00 00:00:00',250000,120000,NULL,NULL,NULL,0,'0000-00-00 00:00:00',0,''),(302,'KE120919002',8,'2020-05-12 00:00:00','0000-00-00 00:00:00',250000,120000,NULL,NULL,NULL,0,'0000-00-00 00:00:00',0,''),(303,'KE120919002',9,'2020-06-12 00:00:00','0000-00-00 00:00:00',250000,120000,NULL,NULL,NULL,0,'0000-00-00 00:00:00',0,''),(304,'KE120919002',10,'2020-07-12 00:00:00','0000-00-00 00:00:00',250000,120000,NULL,NULL,NULL,0,'0000-00-00 00:00:00',0,''),(305,'KE120919002',11,'2020-08-12 00:00:00','0000-00-00 00:00:00',250000,120000,NULL,NULL,NULL,0,'0000-00-00 00:00:00',0,''),(306,'KE120919002',12,'2020-09-12 00:00:00','0000-00-00 00:00:00',250000,120000,NULL,NULL,NULL,0,'0000-00-00 00:00:00',0,''),(307,'KE130919001',1,'2019-10-13 00:00:00','0000-00-00 00:00:00',3500000,140000,NULL,NULL,NULL,0,'0000-00-00 00:00:00',0,''),(308,'KE130919002',1,'2019-10-13 00:00:00','0000-00-00 00:00:00',400000,160000,NULL,NULL,NULL,0,'0000-00-00 00:00:00',0,''),(309,'KE130919002',2,'2019-11-13 00:00:00','0000-00-00 00:00:00',400000,160000,NULL,NULL,NULL,0,'0000-00-00 00:00:00',0,''),(310,'KE130919002',3,'2019-12-13 00:00:00','0000-00-00 00:00:00',400000,160000,NULL,NULL,NULL,0,'0000-00-00 00:00:00',0,''),(311,'KE130919002',4,'2020-01-13 00:00:00','0000-00-00 00:00:00',400000,160000,NULL,NULL,NULL,0,'0000-00-00 00:00:00',0,''),(312,'KE130919002',5,'2020-02-13 00:00:00','0000-00-00 00:00:00',400000,160000,NULL,NULL,NULL,0,'0000-00-00 00:00:00',0,''),(313,'KE130919002',6,'2020-03-13 00:00:00','0000-00-00 00:00:00',400000,160000,NULL,NULL,NULL,0,'0000-00-00 00:00:00',0,''),(314,'KE130919002',7,'2020-04-13 00:00:00','0000-00-00 00:00:00',400000,160000,NULL,NULL,NULL,0,'0000-00-00 00:00:00',0,''),(315,'KE130919002',8,'2020-05-13 00:00:00','0000-00-00 00:00:00',400000,160000,NULL,NULL,NULL,0,'0000-00-00 00:00:00',0,''),(316,'KE130919002',9,'2020-06-13 00:00:00','0000-00-00 00:00:00',400000,160000,NULL,NULL,NULL,0,'0000-00-00 00:00:00',0,''),(317,'KE130919002',10,'2020-07-13 00:00:00','0000-00-00 00:00:00',400000,160000,NULL,NULL,NULL,0,'0000-00-00 00:00:00',0,''),(318,'KE130919003',1,'2019-10-12 00:00:00','0000-00-00 00:00:00',500000,50000,NULL,NULL,NULL,0,'0000-00-00 00:00:00',0,''),(319,'KE130919003',2,'2019-11-12 00:00:00','0000-00-00 00:00:00',500000,50000,NULL,NULL,NULL,0,'0000-00-00 00:00:00',0,''),(320,'KE130919003',3,'2019-12-12 00:00:00','0000-00-00 00:00:00',500000,50000,NULL,NULL,NULL,0,'0000-00-00 00:00:00',0,''),(321,'KE130919003',4,'2020-01-12 00:00:00','0000-00-00 00:00:00',500000,50000,NULL,NULL,NULL,0,'0000-00-00 00:00:00',0,''),(322,'KE140919001',1,'2019-10-14 00:00:00','0000-00-00 00:00:00',200000,80000,NULL,NULL,NULL,0,'0000-00-00 00:00:00',0,''),(323,'KE140919001',2,'2019-11-14 00:00:00','0000-00-00 00:00:00',200000,80000,NULL,NULL,NULL,0,'0000-00-00 00:00:00',0,''),(324,'KE140919001',3,'2019-12-14 00:00:00','0000-00-00 00:00:00',200000,80000,NULL,NULL,NULL,0,'0000-00-00 00:00:00',0,''),(325,'KE140919001',4,'2020-01-14 00:00:00','0000-00-00 00:00:00',200000,80000,NULL,NULL,NULL,0,'0000-00-00 00:00:00',0,''),(326,'KE140919001',5,'2020-02-14 00:00:00','0000-00-00 00:00:00',200000,80000,NULL,NULL,NULL,0,'0000-00-00 00:00:00',0,''),(327,'KE140919001',6,'2020-03-14 00:00:00','0000-00-00 00:00:00',200000,80000,NULL,NULL,NULL,0,'0000-00-00 00:00:00',0,''),(328,'KE140919001',7,'2020-04-14 00:00:00','0000-00-00 00:00:00',200000,80000,NULL,NULL,NULL,0,'0000-00-00 00:00:00',0,''),(329,'KE140919001',8,'2020-05-14 00:00:00','0000-00-00 00:00:00',200000,80000,NULL,NULL,NULL,0,'0000-00-00 00:00:00',0,''),(330,'KE140919001',9,'2020-06-14 00:00:00','0000-00-00 00:00:00',200000,80000,NULL,NULL,NULL,0,'0000-00-00 00:00:00',0,''),(331,'KE140919001',10,'2020-07-14 00:00:00','0000-00-00 00:00:00',200000,80000,NULL,NULL,NULL,0,'0000-00-00 00:00:00',0,''),(332,'KE180919001',1,'2019-10-18 00:00:00','0000-00-00 00:00:00',1750000,175000,NULL,NULL,NULL,0,'0000-00-00 00:00:00',0,''),(333,'KE180919001',2,'2019-11-18 00:00:00','0000-00-00 00:00:00',1750000,175000,NULL,NULL,NULL,0,'0000-00-00 00:00:00',0,''),(334,'KE180919001',3,'2019-12-18 00:00:00','0000-00-00 00:00:00',1750000,175000,NULL,NULL,NULL,0,'0000-00-00 00:00:00',0,''),(335,'KE180919001',4,'2020-01-18 00:00:00','0000-00-00 00:00:00',1750000,175000,NULL,NULL,NULL,0,'0000-00-00 00:00:00',0,''),(336,'KE180919002',1,'2019-10-18 00:00:00','0000-00-00 00:00:00',2916670,2800000,NULL,NULL,NULL,0,'0000-00-00 00:00:00',0,''),(337,'KE180919002',2,'2019-11-18 00:00:00','0000-00-00 00:00:00',2916670,2800000,NULL,NULL,NULL,0,'0000-00-00 00:00:00',0,''),(338,'KE180919002',3,'2019-12-18 00:00:00','0000-00-00 00:00:00',2916670,2800000,NULL,NULL,NULL,0,'0000-00-00 00:00:00',0,''),(339,'KE180919002',4,'2020-01-18 00:00:00','0000-00-00 00:00:00',2916670,2800000,NULL,NULL,NULL,0,'0000-00-00 00:00:00',0,''),(340,'KE180919002',5,'2020-02-18 00:00:00','0000-00-00 00:00:00',2916670,2800000,NULL,NULL,NULL,0,'0000-00-00 00:00:00',0,''),(341,'KE180919002',6,'2020-03-18 00:00:00','0000-00-00 00:00:00',2916670,2800000,NULL,NULL,NULL,0,'0000-00-00 00:00:00',0,''),(342,'KE180919002',7,'2020-04-18 00:00:00','0000-00-00 00:00:00',2916670,2800000,NULL,NULL,NULL,0,'0000-00-00 00:00:00',0,''),(343,'KE180919002',8,'2020-05-18 00:00:00','0000-00-00 00:00:00',2916670,2800000,NULL,NULL,NULL,0,'0000-00-00 00:00:00',0,''),(344,'KE180919002',9,'2020-06-18 00:00:00','0000-00-00 00:00:00',2916670,2800000,NULL,NULL,NULL,0,'0000-00-00 00:00:00',0,''),(345,'KE180919002',10,'2020-07-18 00:00:00','0000-00-00 00:00:00',2916670,2800000,NULL,NULL,NULL,0,'0000-00-00 00:00:00',0,''),(346,'KE180919002',11,'2020-08-18 00:00:00','0000-00-00 00:00:00',2916670,2800000,NULL,NULL,NULL,0,'0000-00-00 00:00:00',0,''),(347,'KE180919002',12,'2020-09-18 00:00:00','0000-00-00 00:00:00',2916670,2800000,NULL,NULL,NULL,0,'0000-00-00 00:00:00',0,''),(348,'KE180919002',13,'2020-10-18 00:00:00','0000-00-00 00:00:00',2916670,2800000,NULL,NULL,NULL,0,'0000-00-00 00:00:00',0,''),(349,'KE180919002',14,'2020-11-18 00:00:00','0000-00-00 00:00:00',2916670,2800000,NULL,NULL,NULL,0,'0000-00-00 00:00:00',0,''),(350,'KE180919002',15,'2020-12-18 00:00:00','0000-00-00 00:00:00',2916670,2800000,NULL,NULL,NULL,0,'0000-00-00 00:00:00',0,''),(351,'KE180919002',16,'2021-01-18 00:00:00','0000-00-00 00:00:00',2916670,2800000,NULL,NULL,NULL,0,'0000-00-00 00:00:00',0,''),(352,'KE180919002',17,'2021-02-18 00:00:00','0000-00-00 00:00:00',2916670,2800000,NULL,NULL,NULL,0,'0000-00-00 00:00:00',0,''),(353,'KE180919002',18,'2021-03-18 00:00:00','0000-00-00 00:00:00',2916670,2800000,NULL,NULL,NULL,0,'0000-00-00 00:00:00',0,''),(354,'KE180919002',19,'2021-04-18 00:00:00','0000-00-00 00:00:00',2916670,2800000,NULL,NULL,NULL,0,'0000-00-00 00:00:00',0,''),(355,'KE180919002',20,'2021-05-18 00:00:00','0000-00-00 00:00:00',2916670,2800000,NULL,NULL,NULL,0,'0000-00-00 00:00:00',0,''),(356,'KE180919002',21,'2021-06-18 00:00:00','0000-00-00 00:00:00',2916670,2800000,NULL,NULL,NULL,0,'0000-00-00 00:00:00',0,''),(357,'KE180919002',22,'2021-07-18 00:00:00','0000-00-00 00:00:00',2916670,2800000,NULL,NULL,NULL,0,'0000-00-00 00:00:00',0,''),(358,'KE180919002',23,'2021-08-18 00:00:00','0000-00-00 00:00:00',2916670,2800000,NULL,NULL,NULL,0,'0000-00-00 00:00:00',0,''),(359,'KE180919002',24,'2021-09-18 00:00:00','0000-00-00 00:00:00',2916670,2800000,NULL,NULL,NULL,0,'0000-00-00 00:00:00',0,''),(360,'KE180919003',1,'2019-10-18 00:00:00','0000-00-00 00:00:00',900000,360000,NULL,NULL,NULL,0,'0000-00-00 00:00:00',0,''),(361,'KE180919003',2,'2019-11-18 00:00:00','0000-00-00 00:00:00',900000,360000,NULL,NULL,NULL,0,'0000-00-00 00:00:00',0,''),(362,'KE180919003',3,'2019-12-18 00:00:00','0000-00-00 00:00:00',900000,360000,NULL,NULL,NULL,0,'0000-00-00 00:00:00',0,''),(363,'KE180919003',4,'2020-01-18 00:00:00','0000-00-00 00:00:00',900000,360000,NULL,NULL,NULL,0,'0000-00-00 00:00:00',0,''),(364,'KE180919003',5,'2020-02-18 00:00:00','0000-00-00 00:00:00',900000,360000,NULL,NULL,NULL,0,'0000-00-00 00:00:00',0,''),(365,'KE180919003',6,'2020-03-18 00:00:00','0000-00-00 00:00:00',900000,360000,NULL,NULL,NULL,0,'0000-00-00 00:00:00',0,''),(366,'KE180919003',7,'2020-04-18 00:00:00','0000-00-00 00:00:00',900000,360000,NULL,NULL,NULL,0,'0000-00-00 00:00:00',0,''),(367,'KE180919003',8,'2020-05-18 00:00:00','0000-00-00 00:00:00',900000,360000,NULL,NULL,NULL,0,'0000-00-00 00:00:00',0,''),(368,'KE180919003',9,'2020-06-18 00:00:00','0000-00-00 00:00:00',900000,360000,NULL,NULL,NULL,0,'0000-00-00 00:00:00',0,''),(369,'KE180919003',10,'2020-07-18 00:00:00','0000-00-00 00:00:00',900000,360000,NULL,NULL,NULL,0,'0000-00-00 00:00:00',0,'');
/*!40000 ALTER TABLE `angsuran` ENABLE KEYS */;
UNLOCK TABLES;

--
-- Table structure for table `bungainvestasi`
--

DROP TABLE IF EXISTS `bungainvestasi`;
/*!40101 SET @saved_cs_client     = @@character_set_client */;
/*!40101 SET character_set_client = utf8 */;
CREATE TABLE `bungainvestasi` (
  `biv_id` int(10) NOT NULL AUTO_INCREMENT,
  `biv_bunga` float NOT NULL,
  `biv_keterangan` text NOT NULL,
  `biv_tgl` datetime NOT NULL,
  `biv_flag` tinyint(2) NOT NULL,
  `biv_info` date NOT NULL,
  PRIMARY KEY (`biv_id`)
) ENGINE=InnoDB AUTO_INCREMENT=19 DEFAULT CHARSET=latin1;
/*!40101 SET character_set_client = @saved_cs_client */;

--
-- Dumping data for table `bungainvestasi`
--

LOCK TABLES `bungainvestasi` WRITE;
/*!40000 ALTER TABLE `bungainvestasi` DISABLE KEYS */;
INSERT INTO `bungainvestasi` VALUES (1,2,'2 %','2019-05-21 01:18:09',0,'0000-00-00'),(2,1,'1 %','2019-05-21 01:18:41',0,'0000-00-00'),(3,2.5,'2.5 %','2019-05-21 01:19:47',0,'0000-00-00'),(4,1.8,'setiap bulan','2019-08-24 14:37:29',0,'0000-00-00'),(5,2.3,'2.3%','2019-09-02 14:46:13',0,'0000-00-00'),(6,2.3,'2.3%','2019-09-02 14:46:34',2,'0000-00-00'),(7,2.5,'2.5','2019-09-03 13:03:01',0,'0000-00-00'),(8,1.8,'1.8','2019-09-03 13:09:37',0,'0000-00-00'),(9,2.2,'2.2','2019-09-04 13:38:17',0,'0000-00-00'),(10,1.6,'1.6','2019-09-04 14:08:02',0,'0000-00-00'),(11,1.9,'1.9','2019-09-05 08:12:17',0,'0000-00-00'),(12,1.5,'1.5','2019-09-05 08:42:37',0,'0000-00-00'),(13,1.5,'1.5','2019-09-05 08:43:40',2,'0000-00-00'),(14,1.5,'1.5','2019-09-05 13:45:56',2,'0000-00-00'),(15,1.5,'1.5','2019-09-07 14:48:29',2,'0000-00-00'),(16,1.5,'1.5','2019-09-07 14:49:05',2,'0000-00-00'),(17,3,'3','2019-09-11 09:55:57',0,'0000-00-00'),(18,1.2,'1.2','2019-09-12 13:07:45',0,'0000-00-00');
/*!40000 ALTER TABLE `bungainvestasi` ENABLE KEYS */;
UNLOCK TABLES;

--
-- Table structure for table `bungapinjaman`
--

DROP TABLE IF EXISTS `bungapinjaman`;
/*!40101 SET @saved_cs_client     = @@character_set_client */;
/*!40101 SET character_set_client = utf8 */;
CREATE TABLE `bungapinjaman` (
  `bup_id` int(11) NOT NULL AUTO_INCREMENT,
  `bup_bunga` float NOT NULL,
  `bub_tgl` datetime NOT NULL,
  `bub_flag` tinyint(2) NOT NULL,
  `bup_info` text NOT NULL,
  PRIMARY KEY (`bup_id`)
) ENGINE=InnoDB AUTO_INCREMENT=3 DEFAULT CHARSET=latin1;
/*!40101 SET character_set_client = @saved_cs_client */;

--
-- Dumping data for table `bungapinjaman`
--

LOCK TABLES `bungapinjaman` WRITE;
/*!40000 ALTER TABLE `bungapinjaman` DISABLE KEYS */;
INSERT INTO `bungapinjaman` VALUES (1,4,'2019-04-19 19:28:44',1,''),(2,2.5,'2019-09-06 13:06:09',0,'');
/*!40000 ALTER TABLE `bungapinjaman` ENABLE KEYS */;
UNLOCK TABLES;

--
-- Table structure for table `bungasetoransimpanan`
--

DROP TABLE IF EXISTS `bungasetoransimpanan`;
/*!40101 SET @saved_cs_client     = @@character_set_client */;
/*!40101 SET character_set_client = utf8 */;
CREATE TABLE `bungasetoransimpanan` (
  `bss_id` int(11) NOT NULL AUTO_INCREMENT,
  `sim_kode` varchar(25) NOT NULL COMMENT 'fk dr simpanan',
  `bss_saldosimpanan` float NOT NULL,
  `bss_bungabulanini` float NOT NULL,
  `bss_saldobulanini` float NOT NULL,
  `bss_jumlahsetoranbulanan` float NOT NULL,
  `bss_tglbunga` datetime NOT NULL,
  `bss_tgl` datetime NOT NULL,
  `bss_flag` tinyint(4) NOT NULL,
  `bss_info` text NOT NULL,
  PRIMARY KEY (`bss_id`)
) ENGINE=InnoDB AUTO_INCREMENT=22 DEFAULT CHARSET=latin1;
/*!40101 SET character_set_client = @saved_cs_client */;

--
-- Dumping data for table `bungasetoransimpanan`
--

LOCK TABLES `bungasetoransimpanan` WRITE;
/*!40000 ALTER TABLE `bungasetoransimpanan` DISABLE KEYS */;
/*!40000 ALTER TABLE `bungasetoransimpanan` ENABLE KEYS */;
UNLOCK TABLES;

--
-- Table structure for table `bungasimpanan`
--

DROP TABLE IF EXISTS `bungasimpanan`;
/*!40101 SET @saved_cs_client     = @@character_set_client */;
/*!40101 SET character_set_client = utf8 */;
CREATE TABLE `bungasimpanan` (
  `bus_id` int(11) NOT NULL AUTO_INCREMENT,
  `bus_bunga` float NOT NULL,
  `bus_tgl` datetime NOT NULL,
  `bus_flag` tinyint(2) NOT NULL,
  `bus_info` text NOT NULL,
  PRIMARY KEY (`bus_id`)
) ENGINE=InnoDB AUTO_INCREMENT=5 DEFAULT CHARSET=latin1;
/*!40101 SET character_set_client = @saved_cs_client */;

--
-- Dumping data for table `bungasimpanan`
--

LOCK TABLES `bungasimpanan` WRITE;
/*!40000 ALTER TABLE `bungasimpanan` DISABLE KEYS */;
INSERT INTO `bungasimpanan` VALUES (4,1,'2019-04-20 05:24:43',1,'');
/*!40000 ALTER TABLE `bungasimpanan` ENABLE KEYS */;
UNLOCK TABLES;

--
-- Table structure for table `dendaangsuran`
--

DROP TABLE IF EXISTS `dendaangsuran`;
/*!40101 SET @saved_cs_client     = @@character_set_client */;
/*!40101 SET character_set_client = utf8 */;
CREATE TABLE `dendaangsuran` (
  `dnd_id` int(11) NOT NULL AUTO_INCREMENT,
  `ags_id` int(11) NOT NULL COMMENT 'fk dari angsuran',
  `sed_id` int(11) NOT NULL COMMENT 'fk dari settingdenda',
  `dnd_tgl` datetime NOT NULL,
  `dnd_flag` tinyint(2) NOT NULL,
  `dnd_info` text NOT NULL,
  PRIMARY KEY (`dnd_id`)
) ENGINE=InnoDB DEFAULT CHARSET=latin1;
/*!40101 SET character_set_client = @saved_cs_client */;

--
-- Dumping data for table `dendaangsuran`
--

LOCK TABLES `dendaangsuran` WRITE;
/*!40000 ALTER TABLE `dendaangsuran` DISABLE KEYS */;
/*!40000 ALTER TABLE `dendaangsuran` ENABLE KEYS */;
UNLOCK TABLES;

--
-- Table structure for table `historibungasimpanan`
--

DROP TABLE IF EXISTS `historibungasimpanan`;
/*!40101 SET @saved_cs_client     = @@character_set_client */;
/*!40101 SET character_set_client = utf8 */;
CREATE TABLE `historibungasimpanan` (
  `hbs_id` int(11) NOT NULL AUTO_INCREMENT,
  `ang_no` varchar(15) NOT NULL COMMENT 'fk dr anggota',
  `hbs_tglterakhir` datetime NOT NULL,
  `hbs_tgl` datetime NOT NULL,
  `hbs_flag` tinyint(4) NOT NULL,
  `hbs_info` text NOT NULL,
  PRIMARY KEY (`hbs_id`)
) ENGINE=InnoDB AUTO_INCREMENT=7 DEFAULT CHARSET=latin1;
/*!40101 SET character_set_client = @saved_cs_client */;

--
-- Dumping data for table `historibungasimpanan`
--

LOCK TABLES `historibungasimpanan` WRITE;
/*!40000 ALTER TABLE `historibungasimpanan` DISABLE KEYS */;
/*!40000 ALTER TABLE `historibungasimpanan` ENABLE KEYS */;
UNLOCK TABLES;

--
-- Table structure for table `investasiberjangka`
--

DROP TABLE IF EXISTS `investasiberjangka`;
/*!40101 SET @saved_cs_client     = @@character_set_client */;
/*!40101 SET character_set_client = utf8 */;
CREATE TABLE `investasiberjangka` (
  `ivb_kode` varchar(25) NOT NULL,
  `ang_no` varchar(25) NOT NULL COMMENT 'fk dari anggota',
  `kar_kode` varchar(25) NOT NULL COMMENT 'fk dari karyawan',
  `wil_kode` varchar(10) NOT NULL COMMENT 'fk dari wilayah',
  `jwi_id` int(10) NOT NULL COMMENT 'fk dari jangkawaktuinvestasi',
  `jiv_id` int(10) NOT NULL COMMENT 'fk dari jasainvestasi',
  `biv_id` int(10) NOT NULL COMMENT 'fk dari bungainvestasi',
  `ivb_jumlah` float NOT NULL,
  `ivb_tglpendaftaran` datetime NOT NULL,
  `ivb_tglperpanjangan` datetime DEFAULT NULL,
  `ivb_status` tinyint(1) NOT NULL,
  `ivb_tgl` datetime NOT NULL,
  `ivb_flag` tinyint(2) NOT NULL,
  `ivb_info` text NOT NULL,
  PRIMARY KEY (`ivb_kode`)
) ENGINE=InnoDB DEFAULT CHARSET=latin1;
/*!40101 SET character_set_client = @saved_cs_client */;

--
-- Dumping data for table `investasiberjangka`
--

LOCK TABLES `investasiberjangka` WRITE;
/*!40000 ALTER TABLE `investasiberjangka` DISABLE KEYS */;
INSERT INTO `investasiberjangka` VALUES ('KD020919001','K020919010','214005','17',4,3,1,20000000,'2019-09-02 00:00:00',NULL,0,'2019-09-02 13:19:46',0,''),('KD020919003','K020919012','0116019','19',4,3,1,4000000,'2019-09-02 00:00:00',NULL,0,'2019-09-02 13:40:02',0,''),('KD020919004','K020919011','1016046','21',4,3,1,25000000,'2019-09-05 00:00:00','2020-09-02 00:00:00',0,'2019-09-02 14:44:55',2,''),('KD020919005','K020919013','614007','16',4,2,5,25000000,'2019-09-02 00:00:00',NULL,0,'2019-09-02 14:47:25',0,''),('KD020919006','K020919029','1016046','21',4,3,1,25000000,'2019-09-02 00:00:00',NULL,0,'2019-09-02 12:57:35',0,''),('KD030919001','K020919030','214005','17',5,3,7,70000000,'2019-09-03 00:00:00',NULL,0,'2019-09-03 13:03:59',0,''),('KD030919002','K030919031','1016049','21',5,3,1,15000000,'2019-09-03 00:00:00',NULL,0,'2019-09-03 13:06:23',0,''),('KD030919003','K030919032','814009','21',5,3,8,2000000,'2019-09-03 00:00:00',NULL,0,'2019-09-03 13:10:24',0,''),('KD030919004','K030919033','0116019','19',5,3,8,2000000,'2019-09-03 00:00:00',NULL,0,'2019-09-03 13:14:06',0,''),('KD040919001','K030919034','614007','16',4,2,1,30000000,'2019-09-04 00:00:00',NULL,0,'2019-09-04 13:16:37',0,''),('KD040919002','K040919035','614007','16',4,2,1,110000000,'2019-09-04 00:00:00',NULL,0,'2019-09-04 13:19:26',0,''),('KD040919003','K040919036','0116019','19',5,3,1,5000000,'2019-09-04 00:00:00',NULL,0,'2019-09-04 13:22:03',0,''),('KD040919004','K040919037','214005','17',4,3,1,2000000,'2019-09-04 00:00:00',NULL,0,'2019-09-04 13:25:07',0,''),('KD040919005','K040919039','814009','21',6,2,3,50000000,'2019-09-04 00:00:00',NULL,0,'2019-09-04 13:30:52',0,''),('KD040919006','K040919039','814009','21',6,2,7,15000000,'2019-09-04 00:00:00',NULL,0,'2019-09-04 13:31:26',0,''),('KD040919007','K040919040','1216060','21',6,3,9,10000000,'2019-09-04 00:00:00',NULL,0,'2019-09-04 13:39:26',0,''),('KD040919008','K040919041','814009','21',6,3,8,5000000,'2019-09-04 00:00:00',NULL,0,'2019-09-04 13:41:11',0,''),('KD040919009','K040919038','1016048','20',6,3,10,15000000,'2019-09-04 00:00:00',NULL,0,'2019-09-04 14:09:12',0,''),('KD040919010','K040919042','1115016','23',5,2,1,25000000,'2019-09-04 00:00:00',NULL,0,'2019-09-04 14:22:32',0,''),('KD050919005','K050919057','1016048','20',5,3,9,15000000,'2019-09-05 00:00:00',NULL,0,'2019-09-05 08:01:43',0,''),('KD050919006','K050919061','814009','21',5,3,11,2000000,'2019-09-05 00:00:00',NULL,0,'2019-09-05 08:13:36',0,''),('KD050919007','K050919063','814009','21',4,3,7,150000000,'2019-09-05 00:00:00',NULL,0,'2019-09-05 08:20:48',0,''),('KD050919008','K050919064','614007','16',6,3,7,5000000,'2019-09-05 00:00:00',NULL,0,'2019-09-05 08:23:50',0,''),('KD050919009','K050919066','0816036','24',6,2,3,46000000,'2019-09-05 00:00:00',NULL,0,'2019-09-05 08:28:39',0,''),('KD050919010','K050919069','0816036','24',5,2,1,5000000,'2019-09-05 00:00:00',NULL,0,'2019-09-05 08:34:21',0,''),('KD050919011','K050919070','0816036','24',4,3,1,10000000,'2019-09-05 00:00:00',NULL,0,'2019-09-05 08:38:39',0,''),('KD050919012','K050919100','0116018','19',6,3,3,35000000,'2019-09-05 00:00:00',NULL,0,'2019-09-05 13:43:28',0,''),('KD050919013','K130919043','0116019','19',5,3,12,2000000,'2019-09-05 00:00:00',NULL,0,'2019-09-05 08:40:02',0,''),('KD050919014','K130919044','1016048','20',6,3,12,6000000,'2019-09-10 00:00:00',NULL,0,'2019-09-10 08:50:08',0,''),('KD070919001','K070919014','0116018','19',5,3,12,5300000,'2019-09-07 00:00:00',NULL,0,'2019-09-07 20:58:35',0,''),('KD070919002','K070919015','0415024','22',5,3,1,5000000,'2019-09-07 00:00:00',NULL,0,'2019-09-07 20:59:44',0,''),('KD080919003','K070919016','1016049','21',5,3,11,2000000,'2019-09-08 00:00:00',NULL,0,'2019-09-08 22:46:23',0,''),('KD080919004','K070919017','0416023','24',6,3,1,15000000,'2019-09-08 00:00:00',NULL,0,'2019-09-08 22:58:51',0,''),('KD080919005','K070919018','0516031','23',4,3,1,10000000,'2019-09-08 00:00:00',NULL,0,'2019-09-08 23:04:58',0,''),('KD080919006','K070919019','0116018','19',6,3,3,64000000,'2019-09-08 00:00:00',NULL,0,'2019-09-08 23:06:11',0,''),('KD080919007','K050919064','614007','16',6,3,3,15000000,'2019-09-08 00:00:00',NULL,0,'2019-09-08 23:08:16',0,''),('KD090919001','K090919013','1016048','20',6,3,12,10000000,'2019-09-09 00:00:00',NULL,0,'2019-09-09 22:24:48',0,''),('KD090919002','K090919014','214005','17',5,2,3,15000000,'2019-09-09 00:00:00',NULL,0,'2019-09-09 22:26:21',0,''),('KD090919003','K090919015','1016049','21',6,3,1,10000000,'2019-09-09 00:00:00',NULL,0,'2019-09-09 22:27:46',0,''),('KD090919004','K090919016','614007','16',6,2,3,10000000,'2019-09-09 00:00:00',NULL,0,'2019-09-09 22:29:10',0,''),('KD090919005','K090919017','814009','21',6,3,1,20000000,'2019-09-09 00:00:00',NULL,0,'2019-09-09 22:31:18',0,''),('KD090919006','K090919018','1016048','20',6,3,12,5000000,'2019-09-10 00:00:00',NULL,0,'2019-09-09 22:32:29',0,''),('KD100919015','K130919045','1016048','20',6,3,12,10000000,'2019-09-10 00:00:00',NULL,0,'2019-09-10 08:52:47',0,''),('KD100919016','K060919082','0116018','19',5,3,11,2000000,'2019-09-10 00:00:00',NULL,0,'2019-09-10 08:55:05',0,''),('KD100919017','K130919047','0116019','19',4,3,1,10000000,'2019-09-11 00:00:00',NULL,0,'2019-09-10 08:56:24',0,''),('KD110919018','','','',0,0,0,9000000,'2019-09-11 00:00:00',NULL,0,'2019-09-11 08:58:00',2,''),('KD110919019','K130919048','1115016','23',6,2,7,30000000,'2019-09-11 00:00:00',NULL,0,'2019-09-11 09:01:35',0,''),('KD110919020','K130919049','0116019','19',4,3,1,14000000,'2019-09-11 00:00:00',NULL,0,'2019-09-11 09:02:22',0,''),('KD110919021','K110919002','1016048','20',4,2,5,30000000,'2019-09-11 00:00:00',NULL,0,'2019-09-11 09:19:46',0,''),('KD110919022','K110919003','0415024','22',4,3,7,19500000,'2019-09-11 00:00:00',NULL,0,'2019-09-11 09:30:03',0,''),('KD110919023','K110919004','0416023','24',5,3,1,2000000,'2019-09-11 00:00:00',NULL,0,'2019-09-11 09:50:19',0,''),('KD110919024','K110919005','614007','16',6,3,1,6000000,'2019-09-11 00:00:00',NULL,0,'2019-09-11 09:51:11',0,''),('KD110919025','K110919006','614007','16',6,3,1,3000000,'2019-09-11 00:00:00',NULL,0,'2019-09-11 09:52:43',0,''),('KD110919026','K110919007','614007','16',5,3,7,10000000,'2019-09-11 00:00:00',NULL,0,'2019-09-11 09:54:28',0,''),('KD110919027','K110919008','614007','16',6,2,7,10000000,'2019-09-11 00:00:00',NULL,0,'2019-09-11 09:55:14',0,''),('KD110919028','K110919009','614007','16',6,0,17,15000000,'2019-09-11 00:00:00',NULL,0,'2019-09-11 10:03:08',2,''),('KD120919001','K040919035','614007','16',6,2,5,40000000,'2019-09-12 00:00:00',NULL,0,'2019-09-12 12:36:13',0,''),('KD120919002','K120919015','0816036','24',4,2,5,50000000,'2019-09-12 00:00:00',NULL,0,'2019-09-12 12:49:12',0,''),('KD120919003','K120919017','1016048','20',5,3,1,5000000,'2019-09-12 00:00:00',NULL,0,'2019-09-12 12:50:07',0,''),('KD120919004','K120919018','0116018','19',5,3,1,10000000,'2019-09-12 00:00:00',NULL,0,'2019-09-12 12:51:17',0,''),('KD120919005','K120919019','814009','21',4,2,17,30000000,'2019-09-12 00:00:00',NULL,0,'2019-09-12 12:52:13',0,''),('KD120919006','','','',7,3,1,10000000,'2019-09-12 00:00:00',NULL,0,'2019-09-12 12:53:52',2,''),('KD120919007','K120919020','614007','16',2,3,3,20000000,'2019-09-12 00:00:00',NULL,0,'2019-09-12 12:55:15',0,''),('KD120919008','','','',0,0,18,8000000,'2019-09-12 00:00:00',NULL,0,'2019-09-12 13:08:05',2,''),('KD120919009','K120919022','1016049','21',5,3,11,2000000,'2019-09-12 00:00:00',NULL,0,'2019-09-12 13:09:02',0,''),('KD120919010','K120919023','0806072','19',6,3,1,3000000,'2019-09-12 00:00:00',NULL,0,'2019-09-12 13:09:42',0,''),('KD120919011','K120919024','0806072','19',6,2,3,20000000,'2019-09-12 00:00:00',NULL,0,'2019-09-12 13:10:38',0,''),('KD120919012','K130919050','0415024','22',6,3,5,15000000,'2019-09-19 00:00:00',NULL,0,'2019-09-12 13:11:38',1,'');
/*!40000 ALTER TABLE `investasiberjangka` ENABLE KEYS */;
UNLOCK TABLES;

--
-- Table structure for table `jabatan`
--

DROP TABLE IF EXISTS `jabatan`;
/*!40101 SET @saved_cs_client     = @@character_set_client */;
/*!40101 SET character_set_client = utf8 */;
CREATE TABLE `jabatan` (
  `jab_kode` int(11) NOT NULL AUTO_INCREMENT,
  `jab_nama` varchar(50) NOT NULL,
  `jab_tgl` datetime NOT NULL,
  `jab_flag` tinyint(2) NOT NULL,
  `jab_info` text NOT NULL,
  PRIMARY KEY (`jab_kode`)
) ENGINE=InnoDB AUTO_INCREMENT=21 DEFAULT CHARSET=latin1;
/*!40101 SET character_set_client = @saved_cs_client */;

--
-- Dumping data for table `jabatan`
--

LOCK TABLES `jabatan` WRITE;
/*!40000 ALTER TABLE `jabatan` DISABLE KEYS */;
INSERT INTO `jabatan` VALUES (2,'Koordinator Wilayah','2019-08-24 13:49:13',0,''),(3,'Administrasi','2019-08-24 13:49:18',0,''),(4,'Marketing Simpanan','2019-08-24 13:49:30',0,''),(5,'Marketing SIMKESAN','2019-08-24 13:49:38',0,''),(6,'Direktur Utama','2019-08-27 07:41:06',0,''),(7,'Marketing SIMKESAN','2019-08-27 07:41:13',2,''),(8,'Kepala Bagian Deposito','2019-08-27 07:41:30',0,''),(9,'Kepala Bagian Pinjaman','2019-08-27 07:41:39',0,''),(10,'Kepala Bagian SIMKESAN','2019-08-27 07:41:56',0,''),(11,'Kepala Bagian Simpanan','2019-08-27 07:45:46',0,''),(12,'Marketing Pinjaman','2019-08-27 07:45:56',0,''),(13,'Collector','2019-08-27 07:46:03',0,''),(14,'Surveyor','2019-09-02 06:23:00',0,''),(15,'Staff','2019-09-02 06:23:06',0,''),(16,'Manager','2019-09-02 06:23:16',0,''),(17,'Driver','2019-09-02 06:23:53',0,''),(18,'Office Boy','2019-09-02 06:23:59',0,''),(19,'Chef','2019-09-02 06:24:06',0,''),(20,'Security','2019-09-02 06:24:31',0,'');
/*!40000 ALTER TABLE `jabatan` ENABLE KEYS */;
UNLOCK TABLES;

--
-- Table structure for table `jaminan`
--

DROP TABLE IF EXISTS `jaminan`;
/*!40101 SET @saved_cs_client     = @@character_set_client */;
/*!40101 SET character_set_client = utf8 */;
CREATE TABLE `jaminan` (
  `jam_id` int(11) NOT NULL AUTO_INCREMENT,
  `pin_id` varchar(11) NOT NULL COMMENT 'fk dari pinjaman',
  `jej_id` tinyint(3) NOT NULL COMMENT 'fk dari jenisjaminan',
  `jam_nomor` varchar(30) NOT NULL,
  `jam_unit` text DEFAULT NULL,
  `jam_noregistrasi` varchar(30) DEFAULT NULL,
  `jam_tahunpembuatan` varchar(30) DEFAULT NULL,
  `jam_atasnama` varchar(30) DEFAULT NULL,
  `jam_luas` int(11) DEFAULT NULL,
  `jam_keterangan` text DEFAULT NULL,
  `jam_file` text DEFAULT NULL,
  `jam_tgl` datetime NOT NULL,
  `jam_flag` tinyint(2) NOT NULL,
  `jam_info` text NOT NULL,
  `jam_alamat` varchar(30) DEFAULT NULL,
  PRIMARY KEY (`jam_id`)
) ENGINE=InnoDB AUTO_INCREMENT=54 DEFAULT CHARSET=latin1;
/*!40101 SET character_set_client = @saved_cs_client */;

--
-- Dumping data for table `jaminan`
--

LOCK TABLES `jaminan` WRITE;
/*!40000 ALTER TABLE `jaminan` DISABLE KEYS */;
INSERT INTO `jaminan` VALUES (29,'KE030919001',1,'L-13376955I','MOBIL TOYOTA KF 20','H 8654 AD','1984','AGUS KUSMANTO',NULL,'','','2019-09-03 12:10:47',0,'','DS BEBENGAN 2/6 BOJA KENDAL'),(30,'KE040919001',1,'M-14368108','SEPEDA MOTOR HONDA K1H02N14L0 ','AA 2786 YN','2016','SUJARWADI',NULL,'','','2019-09-04 14:09:54',0,'','DSN BRINGIN 1/5 TEGALSARI KEDU'),(33,'KE060919001',1,'M-13860341','MOBIL SUZUKI GC415V-APV DLX','AA 8981 VE','2005','RUWIYATI',NULL,'SK3 sudah','','2019-09-06 06:18:21',0,'','DSN MUNCAR LOR 5/2 MUNCAR GEMA'),(34,'KE050919001',1,'C No 62440571','SEPEDA MOTOR HONDA SUPRA X/NF1','H 4263 YY','2003','NIZARLIAN',NULL,'SK3 sudah','','2019-09-05 06:33:20',0,'','JL SEMARANG BOJA 33 3/14 SEMAR'),(35,'KE050919002',1,'A No 4411050H','SEPEDA MOTOR HONDA ASTREA/C100','AA 3168 FF','1996','NAWAWI',NULL,'SK3 sudah','','2019-09-05 09:45:19',0,'','PRUBANAN PURWOJATI 25/4 KERTEK'),(36,'KE050919003',1,'E No 3995888H','SEPEDA MOTOR YAMAHA MIO/AL115S','AA 6956 ZE','2007','SASTINI',NULL,'SK3 SUDAH','','2019-09-05 10:47:15',0,'','JANGGAR 5/1 GEDONGSARI JUMO TE'),(37,'KE060919002',3,'333333333',NULL,NULL,NULL,NULL,NULL,'KARYAWAN','','2019-09-06 13:28:16',0,'',NULL),(38,'KE090919001',1,'E No 7808999I','SEPEDA MOTOR HONDA NF125 TR','AA 2916 CE','2007','SLAMET HERIYANTO',NULL,'komplit','','2019-09-09 08:54:39',0,'','BANARAN 7/1 BANARAN GEMAWANG T'),(39,'KE120919001',1,'M-00066265I','SEPEDA MOTOR YAMAHA 1PA','H 2660 ACD','2015','ACHMAD LATIF MEIHAJ',NULL,'Komplit','','2019-09-12 11:35:55',0,'','DS GEMPOLSEWU 2/5 ROWOSARI KEN'),(40,'KE120919002',2,'01596','SERTIFIKAT',NULL,NULL,'MUH HISOM',341,'Lengkap','','2019-09-12 11:46:09',0,'','DESA KARANGTEJO KECAMATAN KEDU'),(41,'KE120919003',2,'430',NULL,NULL,NULL,NULL,NULL,'pengajuan terlalu tinggi','','2019-09-12 13:52:17',0,'',NULL),(42,'KE120919004',2,'243',NULL,NULL,NULL,NULL,NULL,'KEGUNAAN UNTUK PERMODALAN','','2019-09-12 13:57:18',0,'',NULL),(43,'KE120919005',2,'67',NULL,NULL,NULL,NULL,NULL,'USAHA TIDAK JELAS','','2019-09-12 14:04:37',0,'',NULL),(44,'KE120919006',1,'C NO 1095653I',NULL,NULL,NULL,NULL,NULL,'PERMINTAAN TERLALU TINGGI','','2019-09-12 14:09:10',0,'',NULL),(45,'KE120919007',1,'M-02454544',NULL,NULL,NULL,NULL,NULL,'BAD KARAKTER','','2019-09-12 14:15:21',0,'',NULL),(46,'KE120919008',2,'852',NULL,NULL,NULL,NULL,NULL,'KEMAMPUAN TIDAK MASUK','','2019-09-12 14:20:39',0,'',NULL),(47,'KE130919001',1,'O-07530619','HONDA D1B02N12L2','AA 5953 CY','2018','NGATIJO',NULL,'Domisili ada di Dsn Margosari 2/7 Gemawang','','2019-09-13 08:10:32',0,'','MARGOSARI 2/7 GEMAWANG GEMAWAN'),(48,'KE130919002',2,'01232','SERTIFIKAT',NULL,NULL,'SUTRISNO',122,'Kegunaan untuk finishing rumah','','2019-09-13 06:26:33',0,'','DESA CANDIROTO KECAMATAN CANDI'),(49,'KE130919003',3,'A',NULL,NULL,NULL,NULL,NULL,'Panjer','','2019-09-13 06:48:05',0,'',NULL),(50,'KE140919001',1,'I-00358244I','SEPEDA MOTOR HONDA NF100 SE','H 6690 RP','2008','GUNAWAN',NULL,'Tambah modal dagang','','2019-09-14 08:24:57',0,'','DEMPEL BARAT GG IV 5/8 SAWAH B'),(51,'KE180919001',7,'KB120919015',NULL,NULL,NULL,NULL,NULL,'Simpanan Berjangka','','2019-09-18 03:44:14',0,'',NULL),(52,'KE180919002',3,'5636363',NULL,NULL,NULL,NULL,NULL,'ijazah','','2019-09-18 03:53:20',0,'',NULL),(53,'KE180919003',8,'456456456','Tanah',NULL,NULL,'Fahrudin',4000,'hfghfghfdg','','2019-09-18 18:31:51',0,'',NULL);
/*!40000 ALTER TABLE `jaminan` ENABLE KEYS */;
UNLOCK TABLES;

--
-- Table structure for table `jangkawaktuinvestasi`
--

DROP TABLE IF EXISTS `jangkawaktuinvestasi`;
/*!40101 SET @saved_cs_client     = @@character_set_client */;
/*!40101 SET character_set_client = utf8 */;
CREATE TABLE `jangkawaktuinvestasi` (
  `jwi_id` int(10) NOT NULL AUTO_INCREMENT,
  `jwi_jangkawaktu` tinyint(2) NOT NULL,
  `jwi_keterangan` text NOT NULL,
  `jwi_tgl` datetime NOT NULL,
  `jwi_flag` tinyint(2) NOT NULL,
  `jwi_info` text NOT NULL,
  PRIMARY KEY (`jwi_id`)
) ENGINE=InnoDB AUTO_INCREMENT=8 DEFAULT CHARSET=latin1;
/*!40101 SET character_set_client = @saved_cs_client */;

--
-- Dumping data for table `jangkawaktuinvestasi`
--

LOCK TABLES `jangkawaktuinvestasi` WRITE;
/*!40000 ALTER TABLE `jangkawaktuinvestasi` DISABLE KEYS */;
INSERT INTO `jangkawaktuinvestasi` VALUES (1,3,'3 bulan','2019-05-21 01:09:34',0,''),(2,6,'6 bulan','2019-05-21 01:12:08',0,''),(3,9,'9 bulan','2019-05-21 01:12:18',0,''),(4,12,'12 bulan','2019-05-21 01:12:30',0,''),(5,11,'11','2019-09-03 13:02:01',0,''),(6,7,'7','2019-09-04 13:30:11',0,''),(7,4,'4','2019-09-12 12:53:23',0,'');
/*!40000 ALTER TABLE `jangkawaktuinvestasi` ENABLE KEYS */;
UNLOCK TABLES;

--
-- Table structure for table `jasainvestasi`
--

DROP TABLE IF EXISTS `jasainvestasi`;
/*!40101 SET @saved_cs_client     = @@character_set_client */;
/*!40101 SET character_set_client = utf8 */;
CREATE TABLE `jasainvestasi` (
  `jiv_id` int(10) NOT NULL AUTO_INCREMENT,
  `jiv_jasa` varchar(50) NOT NULL,
  `jiv_keterangan` text NOT NULL,
  `jiv_tgl` datetime NOT NULL,
  `jiv_flag` tinyint(2) NOT NULL,
  `jiv_info` text NOT NULL,
  PRIMARY KEY (`jiv_id`)
) ENGINE=InnoDB AUTO_INCREMENT=5 DEFAULT CHARSET=latin1;
/*!40101 SET character_set_client = @saved_cs_client */;

--
-- Dumping data for table `jasainvestasi`
--

LOCK TABLES `jasainvestasi` WRITE;
/*!40000 ALTER TABLE `jasainvestasi` DISABLE KEYS */;
INSERT INTO `jasainvestasi` VALUES (1,'Hadiah','Ambil di depan','2019-05-21 01:14:25',0,''),(2,'Per Bulan','Ambil tiap bulan','2019-05-21 01:15:11',1,''),(3,'Belakang','Ambil di belakang','2019-05-21 01:15:40',0,''),(4,'1,8','setiap bulan','2019-08-24 14:36:26',2,'');
/*!40000 ALTER TABLE `jasainvestasi` ENABLE KEYS */;
UNLOCK TABLES;

--
-- Table structure for table `jenisjaminan`
--

DROP TABLE IF EXISTS `jenisjaminan`;
/*!40101 SET @saved_cs_client     = @@character_set_client */;
/*!40101 SET character_set_client = utf8 */;
CREATE TABLE `jenisjaminan` (
  `jej_id` tinyint(3) NOT NULL AUTO_INCREMENT,
  `jej_jaminan` varchar(25) NOT NULL,
  `jej_keterangan` text DEFAULT NULL,
  `jej_tgl` datetime NOT NULL,
  `jej_flag` tinyint(2) NOT NULL,
  `jej_info` text NOT NULL,
  PRIMARY KEY (`jej_id`)
) ENGINE=InnoDB AUTO_INCREMENT=9 DEFAULT CHARSET=latin1;
/*!40101 SET character_set_client = @saved_cs_client */;

--
-- Dumping data for table `jenisjaminan`
--

LOCK TABLES `jenisjaminan` WRITE;
/*!40000 ALTER TABLE `jenisjaminan` DISABLE KEYS */;
INSERT INTO `jenisjaminan` VALUES (1,'BPKB','BPKB motor, mobil dll','2019-05-21 14:05:31',1,''),(2,'SERTIFIKAT','Sertifikat rumah, tanah dll','2019-05-21 14:06:18',0,''),(3,'IJASAH','Ijasah sekolah, kuliah dll','2019-05-21 14:08:22',1,''),(4,'LAIN-LAIN','jaminan lain-lain','2019-06-20 07:54:02',0,''),(5,'Investasi Berjangka','Investasi Berjangka','2019-08-29 08:21:17',0,''),(6,'Simkesan','Simkesan','2019-08-29 08:21:29',0,''),(7,'Simpanan','Simpanan','2019-08-29 08:21:39',0,''),(8,'SHGB','SHGB','2019-09-18 00:00:00',0,'');
/*!40000 ALTER TABLE `jenisjaminan` ENABLE KEYS */;
UNLOCK TABLES;

--
-- Table structure for table `jenisklaim`
--

DROP TABLE IF EXISTS `jenisklaim`;
/*!40101 SET @saved_cs_client     = @@character_set_client */;
/*!40101 SET character_set_client = utf8 */;
CREATE TABLE `jenisklaim` (
  `jkl_id` int(10) NOT NULL AUTO_INCREMENT,
  `jkl_keuntungan` varchar(50) NOT NULL,
  `jkl_plan` varchar(15) NOT NULL,
  `jkl_tahunke` tinyint(2) NOT NULL,
  `jkl_nominal` float NOT NULL,
  `jkl_keterangan` text NOT NULL,
  `jkl_administrasi` float NOT NULL,
  `jkl_tgl` datetime NOT NULL,
  `jkl_flag` tinyint(2) NOT NULL,
  `jkl_info` text NOT NULL,
  PRIMARY KEY (`jkl_id`)
) ENGINE=InnoDB AUTO_INCREMENT=7 DEFAULT CHARSET=latin1;
/*!40101 SET character_set_client = @saved_cs_client */;

--
-- Dumping data for table `jenisklaim`
--

LOCK TABLES `jenisklaim` WRITE;
/*!40000 ALTER TABLE `jenisklaim` DISABLE KEYS */;
INSERT INTO `jenisklaim` VALUES (1,'Santunan Duka Plan A','1',0,5000000,'Santunan duka untuk anggota jika meninggal',5,'2019-07-28 22:16:21',1,''),(2,'Santunan Duka Plan B','2',0,10000000,'Santunan duka untuk anggota yang meninggal',5,'2019-07-29 09:53:02',0,''),(3,'Santunan Duka Plan C','3',0,15000000,'Santunan duka untuk anggota jika menginggal',5,'2019-07-29 09:53:44',0,''),(4,'Klaim Tahun Ke-2 Plan A','1',2,600000,'Bisa diklaim oleh anggota untuk rawat inap pada bulan ke-13',5,'2019-07-29 09:55:46',1,''),(5,'Klaim Tahun Ke-3 Plan A','1',3,1200000,'Bisa diklaim oleh anggota untuk rawat inap pada bulan ke-25',5,'2019-07-29 09:57:28',0,''),(6,'Klaim Tahun Ke 4 Plan A','1',4,1800000,'Simkesan plan A tahun ke 4',5,'2019-08-31 13:42:01',1,'');
/*!40000 ALTER TABLE `jenisklaim` ENABLE KEYS */;
UNLOCK TABLES;

--
-- Table structure for table `jenispelunasan`
--

DROP TABLE IF EXISTS `jenispelunasan`;
/*!40101 SET @saved_cs_client     = @@character_set_client */;
/*!40101 SET character_set_client = utf8 */;
CREATE TABLE `jenispelunasan` (
  `jep_id` tinyint(2) NOT NULL AUTO_INCREMENT,
  `jep_jenis` varchar(25) NOT NULL,
  `jep_keterangan` text DEFAULT NULL,
  `jep_tgl` datetime NOT NULL,
  `jep_flag` tinyint(2) NOT NULL,
  `jep_info` text NOT NULL,
  PRIMARY KEY (`jep_id`)
) ENGINE=InnoDB AUTO_INCREMENT=4 DEFAULT CHARSET=latin1;
/*!40101 SET character_set_client = @saved_cs_client */;

--
-- Dumping data for table `jenispelunasan`
--

LOCK TABLES `jenispelunasan` WRITE;
/*!40000 ALTER TABLE `jenispelunasan` DISABLE KEYS */;
INSERT INTO `jenispelunasan` VALUES (1,'Biasa','Pelunasan sesuai dengan jatuh tempo pelunasan','2019-05-21 14:09:59',0,''),(2,'Dipercepat','Pelunasan lebih awal dari tenor pelunasan pinjaman','2019-05-21 14:10:32',0,''),(3,'Macet','Pelunsan lebih dari jatuh tempo / tenor pelunasan','2019-05-21 14:11:33',0,'');
/*!40000 ALTER TABLE `jenispelunasan` ENABLE KEYS */;
UNLOCK TABLES;

--
-- Table structure for table `jenispenarikansimkesan`
--

DROP TABLE IF EXISTS `jenispenarikansimkesan`;
/*!40101 SET @saved_cs_client     = @@character_set_client */;
/*!40101 SET character_set_client = utf8 */;
CREATE TABLE `jenispenarikansimkesan` (
  `jps_id` int(10) NOT NULL AUTO_INCREMENT,
  `jps_jenis` varchar(50) NOT NULL,
  `jps_administrasi` float NOT NULL,
  `jps_persenpenarikan` float NOT NULL,
  `jps_tgl` datetime NOT NULL,
  `jps_flag` tinyint(2) NOT NULL,
  `jps_info` text NOT NULL,
  PRIMARY KEY (`jps_id`)
) ENGINE=InnoDB AUTO_INCREMENT=3 DEFAULT CHARSET=latin1;
/*!40101 SET character_set_client = @saved_cs_client */;

--
-- Dumping data for table `jenispenarikansimkesan`
--

LOCK TABLES `jenispenarikansimkesan` WRITE;
/*!40000 ALTER TABLE `jenispenarikansimkesan` DISABLE KEYS */;
INSERT INTO `jenispenarikansimkesan` VALUES (1,'Penarikan 10',5,3,'2019-07-28 22:19:07',1,''),(2,'Penarikan 5',5,10,'2019-07-29 08:13:45',1,'');
/*!40000 ALTER TABLE `jenispenarikansimkesan` ENABLE KEYS */;
UNLOCK TABLES;

--
-- Table structure for table `jenissetoran`
--

DROP TABLE IF EXISTS `jenissetoran`;
/*!40101 SET @saved_cs_client     = @@character_set_client */;
/*!40101 SET character_set_client = utf8 */;
CREATE TABLE `jenissetoran` (
  `jse_id` int(11) NOT NULL AUTO_INCREMENT,
  `jse_setoran` varchar(25) NOT NULL,
  `jse_keterangan` text DEFAULT NULL,
  `jse_min` float NOT NULL,
  `jse_tgl` datetime NOT NULL,
  `jse_flag` tinyint(2) NOT NULL,
  `jse_info` text NOT NULL,
  PRIMARY KEY (`jse_id`)
) ENGINE=InnoDB AUTO_INCREMENT=4 DEFAULT CHARSET=latin1;
/*!40101 SET character_set_client = @saved_cs_client */;

--
-- Dumping data for table `jenissetoran`
--

LOCK TABLES `jenissetoran` WRITE;
/*!40000 ALTER TABLE `jenissetoran` DISABLE KEYS */;
INSERT INTO `jenissetoran` VALUES (1,'Harian','setoran harian',5000,'2019-04-19 19:06:22',1,''),(2,'Mingguan','Setoran Mingguan',30000,'2019-04-19 19:06:37',1,''),(3,'Bulanan','Setoran bulanan',100000,'2019-04-19 19:06:49',1,'');
/*!40000 ALTER TABLE `jenissetoran` ENABLE KEYS */;
UNLOCK TABLES;

--
-- Table structure for table `jenissimpanan`
--

DROP TABLE IF EXISTS `jenissimpanan`;
/*!40101 SET @saved_cs_client     = @@character_set_client */;
/*!40101 SET character_set_client = utf8 */;
CREATE TABLE `jenissimpanan` (
  `jsi_id` int(11) NOT NULL AUTO_INCREMENT,
  `jsi_simpanan` varchar(25) NOT NULL,
  `jsi_keterangan` text DEFAULT NULL,
  `jsi_tgl` datetime NOT NULL,
  `jsi_flag` tinyint(2) NOT NULL,
  `jsi_info` text NOT NULL,
  PRIMARY KEY (`jsi_id`)
) ENGINE=InnoDB AUTO_INCREMENT=3 DEFAULT CHARSET=latin1;
/*!40101 SET character_set_client = @saved_cs_client */;

--
-- Dumping data for table `jenissimpanan`
--

LOCK TABLES `jenissimpanan` WRITE;
/*!40000 ALTER TABLE `jenissimpanan` DISABLE KEYS */;
INSERT INTO `jenissimpanan` VALUES (1,'9','Simpanan jangka 9 bulan','2019-04-19 19:08:30',0,''),(2,'12','Simpanan Jangka 12 Bulan','2019-04-19 19:08:46',0,'');
/*!40000 ALTER TABLE `jenissimpanan` ENABLE KEYS */;
UNLOCK TABLES;

--
-- Table structure for table `kantorksp`
--

DROP TABLE IF EXISTS `kantorksp`;
/*!40101 SET @saved_cs_client     = @@character_set_client */;
/*!40101 SET character_set_client = utf8 */;
CREATE TABLE `kantorksp` (
  `kks_id` int(11) NOT NULL AUTO_INCREMENT,
  `kks_nama` varchar(25) NOT NULL,
  `kks_alamat` text NOT NULL,
  `kks_kode` varchar(20) NOT NULL,
  `kks_flag` tinyint(4) NOT NULL,
  `kks_tgl` datetime NOT NULL,
  `kks_info` text NOT NULL,
  PRIMARY KEY (`kks_id`)
) ENGINE=InnoDB AUTO_INCREMENT=2 DEFAULT CHARSET=latin1;
/*!40101 SET character_set_client = @saved_cs_client */;

--
-- Dumping data for table `kantorksp`
--

LOCK TABLES `kantorksp` WRITE;
/*!40000 ALTER TABLE `kantorksp` DISABLE KEYS */;
INSERT INTO `kantorksp` VALUES (1,'Kantor Pusat','Temanggung','K',0,'2019-09-01 19:40:29','');
/*!40000 ALTER TABLE `kantorksp` ENABLE KEYS */;
UNLOCK TABLES;

--
-- Table structure for table `karyawan`
--

DROP TABLE IF EXISTS `karyawan`;
/*!40101 SET @saved_cs_client     = @@character_set_client */;
/*!40101 SET character_set_client = utf8 */;
CREATE TABLE `karyawan` (
  `kar_kode` varchar(10) NOT NULL,
  `kar_nama` varchar(50) NOT NULL,
  `kar_nik` varchar(25) NOT NULL,
  `jab_kode` int(11) NOT NULL COMMENT 'fk dari jabatan',
  `kar_alamat` text NOT NULL,
  `kar_nohp` varchar(15) NOT NULL,
  `kar_simpanan` float DEFAULT NULL,
  `kar_tgllahir` datetime DEFAULT NULL,
  `kar_status` tinyint(2) NOT NULL,
  `kar_tgl` datetime NOT NULL,
  `kar_flag` tinyint(2) NOT NULL,
  `kar_info` text NOT NULL,
  PRIMARY KEY (`kar_kode`)
) ENGINE=InnoDB DEFAULT CHARSET=latin1;
/*!40101 SET character_set_client = @saved_cs_client */;

--
-- Dumping data for table `karyawan`
--

LOCK TABLES `karyawan` WRITE;
/*!40000 ALTER TABLE `karyawan` DISABLE KEYS */;
INSERT INTO `karyawan` VALUES ('0116018','PUJI RAHAYU','3323135811770001',16,'PENDOWO RT 04 RW 17 PENDOWO KRANGGAN TEMANGGUNG\r\n','087745506237',NULL,NULL,0,'2019-09-02 12:39:05',0,''),('0116019','Riska Windi A','3323205204930002',11,'SITUK COYUDAN UTARA RT 03 RW 16 PARAKAN \r\n','085601032328',NULL,NULL,0,'2019-09-02 13:38:53',0,''),('0116020','YENI NOVITASARI','3323074101940006',3,'PAKISAN RT 05 RW 05 CANDIMULYO KEDU TEMANGGUNG\r\n','085713861689',NULL,NULL,0,'2019-09-04 14:48:46',0,''),('0116021','ARIF HIDAYATUL IKHSAN','3323080209910001',14,'DSN.TANDURAN RT 01 RW 04 CATURANOM, \r\n','081548221037',NULL,NULL,0,'2019-09-03 09:46:45',0,''),('0415024','TUTIK ANJARWANI','3323205912950001',16,'KARANG MANGGIS RT 01 RW 03 KARANG SENENG GEMAWANG\r\n','085740020875',NULL,NULL,0,'2019-09-05 09:24:20',0,''),('0416023','FIFI ELISANDI','3323075809920003',15,'GROGOL RT 02 RW 02 KUTOANYAR KEDU TEMANGGUNG\r\n','085942041255',NULL,NULL,0,'2019-09-05 11:45:38',0,''),('0416027','NASRULLAH EFENDI','3502170703830003',15,'JL. KALIMNTAN 60 PONOROGO\r\n','081239590992',NULL,NULL,0,'2019-09-05 09:26:47',0,''),('0516031','APRILIYA STYANINGRUM','3323105304960003',15,'BALEKKERSO, GEDONGSARI JUMO \r\n','085747338180',NULL,NULL,0,'2019-09-04 14:32:43',0,''),('0609166','SUPRAPTI','3323136712650001',19,'PENDOWO 3/16 PENDOWO KRANGGAN','085866300428',NULL,NULL,0,'2019-09-04 13:50:43',0,''),('0716033','SUPRIYOKO','3323071609710002',20,'DSN WONOSROYO RT 001 RW 001 BOJONEGORO KEDU\r\n','085743213336',NULL,NULL,0,'2019-09-05 09:20:57',0,''),('0806071','TUHU SUSILOWATI','3307074309830005',12,'GARUNG BUTUH KALIKAJAR WONOSOBO\r\n','085325515051',NULL,NULL,0,'2019-09-02 12:51:50',0,''),('0806072','LEDY ADIT SAPUTRO','3323093004950001',15,'SUMBERAN, PETIREJO NGADIREJO\r\n','08562873717',NULL,NULL,0,'2019-09-03 11:27:47',0,''),('0806073','HENI PURWANTI','3323045104790001',4,'BANJARSARI RT 03 RW 01 KEBUMEN PRINGSURAT \r\n','085868980337',NULL,NULL,0,'2019-09-06 06:29:20',0,''),('0815013','ERLIN AMALIA','3323086809970005',3,'CAMPURSALAM RT 02 RW 02 PARAKAN TEMANGGUNG\r\n','085743211590',NULL,NULL,0,'2019-09-03 11:55:34',0,''),('0815015','SILVIA INDAH LESTARI','3323084512910006',11,'BAJANGAN RT 04 RW 01 MANDISARI PARAKAN\r\n','08562865880',NULL,NULL,0,'2019-09-03 11:30:36',0,''),('0816036','ARIF SUSANTO ','3323092803950001',16,'DSN. SUMBERAN DSN PETIREJO\r\n','085643533740',NULL,NULL,0,'2019-09-05 11:36:12',0,''),('1016040','TRI LESTARI','332312520493',15,'DSN. DOTAKAN RT 04 RW 03 CANDIROTO\r\n','085743895800',NULL,NULL,0,'2019-09-03 11:46:50',0,''),('1016042','ARIYANTO','3323102306850002',17,'CARIKAN III KERTOSARI JUMO\r\n','085326676746',NULL,NULL,0,'2019-09-03 12:05:12',0,''),('1016044','GITO ROMI ARIYADI','3323170612950002',13,'BATUR SARI RT 01 RW 01 KLEDUNG\r\n','08562558049',NULL,NULL,0,'2019-09-03 11:36:51',0,''),('1016046','ASIH AWALIA PUTRI','3404075607940001',4,'BATUR SARI RT 01 RW 01 KLEDUNG\r\n','085741985256',NULL,NULL,0,'2019-09-05 12:10:22',0,''),('1016048','ISNATUN KHOLIFAH','332320712920001',16,'DSN SUCEN RT 05 TW 05 SUCEN GEMAWANG\r\n','085643361006',NULL,NULL,0,'2019-09-04 14:05:54',0,''),('1016049','LAILI SANGADAH','3307076106930005',15,'GARUNG BUTUH RT 09 RW 02 KALIKAJAR  WONOSOBO\r\n','085743347434',NULL,NULL,0,'2019-09-05 12:21:57',0,''),('108123','YOGGA EGHE PANGESTU','3502170406990007',4,'JL. LAWU GG I/43 P RT 004 RW 002, NOLOGATEN, PONOROGO\r\n','083851716726',NULL,NULL,0,'2019-09-04 14:38:10',0,''),('1112137','DWI HASTORO','3323140807930001',20,'GELANGAN RT 03 RW 02 TLOGOMULRO TEMANGGUNG\r\n','085643007155',NULL,NULL,0,'2019-09-04 14:28:34',0,''),('1115016','MAHFIROH','3323105303920002',16,'CARIKAN 1 RT 04 RW 01 KERTISARI JUMO TEMANGGUNG\r\n','085726581139',NULL,NULL,0,'2019-09-04 14:14:33',0,''),('1116050','Yuyun Arista','3323106706930002',9,'PAGERJURANG RT 02 RW 02 JAMUSAN JUMO\r\n','085643328708',NULL,NULL,0,'2019-09-02 12:44:58',0,''),('1207163','DITAR ROSSANO PITAYO','3323071008820003',16,'PERUM AZA GRIYA BLOK DI RT 2 RW 4 WALITELON UTARA 085747474801\r\n','085747474801',NULL,NULL,0,'2019-09-04 06:55:07',0,''),('1207164','KOESTIJONO','3323091311790001',15,'BONDALEM RT 5 RW 2 MANGUNSARI NGADIREJO\r\n','085743321123',NULL,NULL,0,'2019-09-04 06:56:46',0,''),('1209001','ARYADI','3323071907820006',6,'DSN. SROYO RT 08 RW 01 BOJONEGORO KEDU TEMANGGUNG\r\n','081325252736',NULL,NULL,0,'2019-09-02 11:20:00',0,''),('1211131','ESTI RAHMANINGSIH','3323104809900005',4,'DSN KRAJAN RT 02 RW 01 LEMPUYANG CANDIROTO TEMANGGUNG\r\n','085643294926',NULL,NULL,0,'2019-09-05 12:19:16',0,''),('1211133','KURNIA APRILYA','3323085404960003',4,'JETIS KAUMAN RT 04 W 12 PARAKAN KAUMAN\r\n','081327284167',NULL,NULL,0,'2019-09-04 14:26:15',0,''),('1211134','MAULITA','3323075206000005',12,'KABUNAN RT 05 RW 01 BANDUNGGEDE KEDU TEMANGGUNG\r\n','085802929492',NULL,NULL,0,'2019-09-02 13:01:02',0,''),('1211136','ARDHYKA WULAN SAPUTRI','3323075305950003',4,'GABUNGAN RT 01 RW 09 TEGALSARI KEDU\r\n','081327497763',NULL,NULL,0,'2019-09-05 11:57:17',0,''),('1216060','RIRIN SUCIANA','3323176609930001',3,'SANGKON TUKSARI RT 03 RW 02 KLEDUNG TEMANGGUNG\r\n','085726648055',NULL,NULL,0,'2019-09-05 12:24:22',0,''),('1216063','DIAH AYU RAHMAWATI','3323014307980002',3,'TEGALURUNG RT 05 RW 01 BULU\r\n','085743276576',NULL,NULL,0,'2019-09-04 14:41:39',0,''),('1306103','WAHYUDI EKO SILAWANTO','3323032611660001',20,'PURI KENCANA RT 02 RW 05 MANDING TEMANGGUNG\r\n','085727135018',NULL,NULL,0,'2019-09-05 08:07:10',0,''),('1307155','TITIK ASTUTI','3323205010000001',4,'KAYUTAHUN 4/2 BANARAN GEMAWANG\r\n','085749175662',NULL,NULL,0,'2019-09-02 11:40:37',0,''),('1307156','SLAMET SAEFUDIN','3323200608960001',4,'KALIPAHING 2/3 NGADISEPI GEMAWANG\r\n','085800504145',NULL,NULL,0,'2019-09-06 06:35:11',0,''),('1307157','AGUSTINI PUJI LESTARI','3323134108950003',3,'JURANG 2/1 KEMLOKO KRANGGAN\r\n','085806961134',NULL,NULL,0,'2019-09-04 14:50:29',0,''),('1307158','FAIZA FUTRI FITRIA','3323096310950002',3,'GONDANG DHUWUR 5/1 MANGGONG NGADIREJO\r\n','081229920814',NULL,NULL,0,'2019-09-04 14:44:47',0,''),('1307159','WENING SARASWATI','3323084706930002',3,'WARUNGSARI 1/2 MANDISARI PARAKAN\r\n','081392439715',NULL,NULL,0,'2019-09-04 14:43:18',0,''),('1601138','DANANG CAHYO PURNOMO','3323102304980001',4,'DERMONGANTI RT 01 RW 03 KETITANG JUMO\r\n','085299985365',NULL,NULL,0,'2019-09-02 11:48:19',0,''),('1601139','OKTA LEVIA','3323106110990001',4,'PAGERJURANG RT 02 RW 02 JAMUSAN JUMO\r\n','085526314469',NULL,NULL,0,'2019-09-06 06:26:02',0,''),('1604099','FERI HARIYANTO','3323202405900002',20,'MUNCAR KULON RT 03 RW 04 MUNCAR GEMAWANG\r\n','085727145424',NULL,NULL,0,'2019-09-05 08:12:21',0,''),('1607117','MUJIONO','3323131404760001',20,'PENDOWO RT 04 RW 17 PENDOWO KRANGGAN TEMANGGUNG\r\n','081392137690',NULL,NULL,0,'2019-09-13 07:37:38',0,''),('1608161','HERMAWAN INDRA PRATAMA','3323090207000003',4,'NGLARANG I 4/3 MANGUNSARI NGADIREJO TEMANGGUNG\r\n','089667879751',NULL,NULL,0,'2019-09-02 11:42:31',0,''),('1610078','FATKHURRIZKIYAH','332301530930003',3,'BANYUURIP RT 06 RW 02 BULU TEMANGGUNG\r\n','085878523645',NULL,NULL,0,'2019-09-05 12:26:30',0,''),('1610079','Fiya Alfi Maulida','3323206502010002',12,'SEDELEP RT 004 RW 007 GEMAWANG\r\n','085801418727',NULL,NULL,0,'2019-09-02 12:57:17',0,''),('1701140','KOMARUDI','3323058806890001',20,'LINGKUNGAN SENDANG WALITELON SELATAN TEMANGGUNG\r\n','089648592903',NULL,NULL,0,'2019-09-06 06:41:13',0,''),('1701141','AUDIA KHAQQI','3308014906950001',3,'PARAKAN KAUMAN','082226679658',NULL,NULL,0,'2019-09-03 12:02:24',0,''),('1701142','RIFKI ZULFIYANTO','3323011206910003',10,'DS NGIMBRANG 2/1 BULU TEMANGGUNG \r\n','085803095110',NULL,NULL,0,'2019-09-03 11:43:58',0,''),('1907118','HARYONO','330709121076002',20,'BANJARAN RT 003/ RW 002, KRAMATAN, WONOSOBO\r\n','082242812015',NULL,NULL,0,'2019-09-05 08:14:39',0,''),('204098','DINA ANDRIYANTI','3307014802950003',3,'KALIGOWONG RT 01 RW 03 WADASLINTANG WONOSOBO\r\n','085867058655',NULL,NULL,0,'2019-09-03 11:51:14',0,''),('2103146','MAYA SYARIFATUL FAJARAH','3323075408950004',3,'SAWAHAN  1/2 TEGALSARI KEDU, TEMANGGUNG\r\n','081325409512',NULL,NULL,0,'2019-09-03 11:59:34',0,''),('2112089','EDI PURNAMA','3323060401820004',4,'KRAJAN 1 RT 04 RW 07 KRAJAN KANDANGAN TEMANGGUNG\r\n','085385742865',NULL,NULL,0,'2019-09-05 12:28:53',0,''),('214005','Adila Septi Mayasa','3323074809940003',8,'DIWEK RT 05 RW 06 BOJONEGORO KEDU TEMANGGUNG\r\n','085799100015',NULL,NULL,0,'2019-09-02 13:16:26',0,''),('215011','YUYUN FITRASTUTI','3323076806960003',4,'BANDUNG RT 02 RW 06 BANDUNGGEDE KEDU TEMANGGUNG\r\n','085601560409',NULL,NULL,0,'2019-09-05 12:08:06',0,''),('2207160','JOKO PRASETYO','3323205112960001',20,'DALEM TEGOWANUH 3/1 KALORAN TEMANGGUNG\r\n','085691893175',NULL,NULL,0,'2019-09-05 08:16:25',0,''),('2401092','JOKO DWIYANTO','3323201212940001',4,'MANDANG RT 03 RW 02 SUCEN GEMAWANG TEMANGGUNG\r\n','085741466922',NULL,NULL,0,'2019-09-06 06:30:59',0,''),('2401093','BUDIYONO','332302070770006',13,'NGAGLIK, RT 02 RW 04 DESA JRAGAN\r\n','082227453876',NULL,NULL,0,'2019-09-03 11:39:08',0,''),('2405070','AHMAD ARIFIN','3323083012840003',20,'WADAS WETAN 02/07 WADAS KANDANGAN \r\n\r\n','085741119818',NULL,NULL,0,'2019-09-05 11:31:18',0,''),('2407075','EDDY IRAWAN','3323121112930001',4,'MENTOSARI KENTENGSARI CANDIROTO\r\n','085708708613',NULL,NULL,0,'2019-09-02 11:34:21',0,''),('2410129','DESTO WASMA\'UN','3323101412980001',20,'DSN.TAPAK 001/004 GIYONO,JUMO, TEMANGGUNG\r\n','083131798806',NULL,NULL,0,'2019-09-06 06:44:20',0,''),('2411084','RITA NINGSIH','332310661290005',4,'BARANG KULON 02/02 BARANG JUMO TEMANGGUNG\r\n','085729705458',NULL,NULL,0,'2019-09-05 09:33:47',0,''),('2411088','AFRIN IRNAWATI','3323126904990001',4,'KRAJAN RT 07 RW 01 LEMPUYUNG CANDIROTO\r\n','085867427504',NULL,NULL,0,'2019-09-04 14:24:00',0,''),('2604100','KUNDI PRAMUDIA RETNA','3323075104070001',4,'PRUPUGAN RT 04 RW 02 BOJONEGORO KEDU TEMANGGUNG\r\n','081327172564',NULL,NULL,0,'2019-09-04 14:55:00',0,''),('2708004','Adilla','3323223322122345',2,'Kedu','085876329811',NULL,NULL,0,'2019-08-27 07:26:24',2,''),('2708005','Erlin','33232123232456',3,'Parakan','089768765543',NULL,NULL,0,'2019-08-27 07:38:45',2,''),('2708006','Silvia','33234567867544',11,'Bulu','089768765345',NULL,NULL,0,'2019-08-27 07:47:19',2,''),('2806150','RAKHA SATRIO AJI PRATAMA','332308291160001',4,'JUBUG 2/2 WANUTENGAH PARAKAN\r\n','085747350822',NULL,NULL,0,'2019-09-05 12:02:25',0,''),('2806151','RIZKI DIDI SETYAWAN','3323130507020003',4,'KEJI 2/3 GENTAN KRANGGAN\r\n','085335322021',NULL,NULL,0,'2019-09-02 11:36:54',0,''),('2806152','YUNI TRI WARDANI','3323094406000002',4,'KRAJAN 5/1 PETIREJO NGADIREJO\r\n','083842337348',NULL,NULL,0,'2019-09-05 12:30:43',0,''),('2806153','CHOIRUL ANWAR','3323101210000001',4,'DSN. TAPAK 3/4 GIYONO JUMO\r\n','088225444603',NULL,NULL,0,'2019-09-05 12:06:00',0,''),('2806154','SIWI TUNJUNG SAPUTRI','3323096701970001',5,'GONDANGSARI 2/4 GONDANGWAYANG KEDU\r\n','0895415458933',NULL,NULL,0,'2019-09-03 11:48:38',0,''),('2808162','UNTUNG GALIH PRATAMA','3323072606980007',20,'LIMBO MAKMUR BUMIRAYA MAROWALI SULTENG ( CANDIMULYO KEDU)\r\n','082296237751',NULL,NULL,0,'2019-09-05 08:18:17',0,''),('3004165','RUWANDI','332319301293001',12,'DSN. PUSPO RT 01 RW 03 PATEKEN\r\n','085803453780',NULL,NULL,0,'2019-09-04 13:48:13',0,''),('3009130','RONDIYAH','3323075404740004',19,'DSN KEPAL RT 003 RW 008 MERGOWATI KEDU\r\n','085727139303',NULL,NULL,0,'2019-09-04 06:49:01',0,''),('302101','ARIF NUR YAHYA','3323082712800005',20,'Kembaran 7/1 Campursalam, Parakan, Temanggung\r\n','085799037382',NULL,NULL,0,'2019-09-05 09:57:21',0,''),('307107','SRI NUR JANAH','3323084106960002',3,'KARANGBENDO RT 02 RW 03 TEGALROSO PARAKAN TEMANGGUNG\r\n','085702271231',NULL,NULL,0,'2019-09-05 11:55:16',0,''),('307108','VIKA AMELIA NURJANAH','3323076705940001',3,'KEDU GANG 3 RT 06 RW 03 KEDU TEMANGGUNG\r\n','085740525073',NULL,NULL,0,'2019-09-03 11:53:21',0,''),('309128','WITDIYONO','3323090612870003',20,'KRAJAN RT 04 RW 01 PETIREJO, NGADIREJO\r\n','08562954020',NULL,NULL,0,'2019-09-05 09:47:03',0,''),('3101144','ZULFA KHOIRUL UMAM','3323134206000002',20,'TEGALSARI 7/4 PURWOSARI KRANGGAN\r\n','081391222174',NULL,NULL,0,'2019-09-06 06:39:33',0,''),('404147','GRENIDIA AMELIA W','3307086703000001',4,'RECO 07/08 KERTEK WONOSOBO\r\n','082198393656',NULL,NULL,0,'2019-09-02 11:46:33',0,''),('404148','FATKHUL AZIZ','3323200706970001',4,'SESEH 01/09 NGADISEPI GEMAWANG\r\n','082329443402',NULL,NULL,0,'2019-09-05 09:37:33',0,''),('407110','MAHA RESI ANDY SETYAWAN','331340710800003',13,'KARANGANYAR, 07 OKTOBER 1980\r\n','085726162896',NULL,NULL,0,'2019-09-03 11:41:30',0,''),('407112','BEKTI YUNI MAHARANI','3323204906950001',3,'DSN BABADAN 04/07 KEMIRIOMBO GEMAWANG\r\n','081228502770',NULL,NULL,0,'2019-09-05 09:28:59',0,''),('407113','SANTOSO ADI SAPUTRO','3307082709850003',4,'DSN RECO RT 05 RW 08 DESA RECO KERTEK WONOSOBO\r\n','082335735696',NULL,NULL,0,'2019-09-04 14:34:40',0,''),('407115','ELIS DWI SETYARANI','3323174601830004',4,'BATURSARI RT 03/02 KLEDUNG TEMANGGUNG\r\n','085225563285',NULL,NULL,0,'2019-09-06 06:33:05',0,''),('412002','RETNO EKO ASTUTI,A.MD','3323105412940001',3,'DSN. GONDANG BAWANG RT 05 RW 02 JUMO TEMANGGUNG\r\n','085728660800',NULL,NULL,0,'2019-09-02 11:25:19',0,''),('413003','AGUS SUPRIYANTO','3323010902770001',20,'MENAYU RT 02 RW 02 BULU TEMANGGUNG\r\n','082134579953',NULL,NULL,0,'2019-09-06 06:37:47',0,''),('503094','RADEN BAGUS SETYA AJI NUGROHO','3301061504920003',14,'DRINGA RT 03 RW 07 TLOGOPUCANG KANDANGAN\r\n','0895384915113',NULL,NULL,0,'2019-09-03 09:51:14',0,''),('503096','GHUFRON MACHMUD','3323073009910001',4,'MRIAN KULON RT 01 RW 03 KUNDISARI KEDU\r\n','081214480398',NULL,NULL,0,'2019-09-05 09:35:45',0,''),('503097','KRISTI NALARATIH','3323106305920001',4,'JAMUSAN RT 09 RW 01 JAMUSAN JUMO TEMANGGUNG\r\n','08985105408',NULL,NULL,0,'2019-09-04 14:36:28',0,''),('503149','ERNI SETYOWATI','3323105404950001',3,'CARIKAN II RT 03 RW 01 KERTOSARI JUMO TEMANGGUNG\r\n','085742298050',NULL,NULL,0,'2019-09-03 11:57:42',0,''),('614007','Septi Dwi R','3323075809870001',2,'KEROKAN RT 02 RW 01 KUTOANYAR KEDU TEMANGGUNG\r\n','087734202339',NULL,NULL,0,'2019-09-02 13:50:43',0,''),('811080','TRI ADRIANI','3323204907940002',4,'KARANG MANGGIS RT 03 RW 03 KARANGSENENG GEMAWANG\r\n','085601896665',NULL,NULL,0,'2019-09-05 09:39:55',0,''),('811082','EVI FITRI ASTUTI','3323096302980001',4,'GEDEGAN RT 03 RW 08 GIRIPURNO NGADIREJO\r\n','082133317551',NULL,NULL,0,'2019-09-02 11:30:58',0,''),('811083','DEVI PRASTYA','3323106209970001',4,'DERMONGANTI RT 01 RW 04 KETITANG JUMO\r\n','085801290189',NULL,NULL,0,'2019-09-02 11:44:36',0,''),('811120','KHAFIF','332310712920001',18,'GONDOSULI RT 05 RW 01 TEMANGGUNG\r\n','085693883076',NULL,NULL,0,'2019-09-03 12:08:13',0,''),('814009','FINA SOFIANA','3323095105950004',16,'DUSUN SUSUKAN RT 01 RW 04 PURBOSARI NGADIREJO TEMANGGUNG\r\n','085643964764',NULL,NULL,0,'2019-09-05 12:14:39',1,''),('902145','NANANG SULISTYO','3323082905960001',20,'DIWEK SUNGGINGSARI RT 03 RW 03 PARAKAN \r\n','089513214143',NULL,NULL,0,'2019-09-04 14:30:21',0,'');
/*!40000 ALTER TABLE `karyawan` ENABLE KEYS */;
UNLOCK TABLES;

--
-- Table structure for table `karyawanijasah`
--

DROP TABLE IF EXISTS `karyawanijasah`;
/*!40101 SET @saved_cs_client     = @@character_set_client */;
/*!40101 SET character_set_client = utf8 */;
CREATE TABLE `karyawanijasah` (
  `kij_id` int(11) NOT NULL AUTO_INCREMENT,
  `kar_kode` varchar(25) NOT NULL COMMENT 'fk dr karyawan',
  `kij_sd` varchar(40) DEFAULT NULL,
  `kij_smp` varchar(40) DEFAULT NULL,
  `kij_sma` varchar(40) DEFAULT NULL,
  `kij_d3` varchar(40) DEFAULT NULL,
  `kij_s1` varchar(40) DEFAULT NULL,
  `kij_s2` varchar(40) DEFAULT NULL,
  `kij_s3` varchar(40) DEFAULT NULL,
  `kij_lainlain` varchar(40) DEFAULT NULL,
  `kij_status` tinyint(2) NOT NULL,
  `kij_tgl` datetime NOT NULL,
  `kij_flag` tinyint(2) NOT NULL,
  `kij_info` text NOT NULL,
  PRIMARY KEY (`kij_id`)
) ENGINE=InnoDB AUTO_INCREMENT=107 DEFAULT CHARSET=latin1;
/*!40101 SET character_set_client = @saved_cs_client */;

--
-- Dumping data for table `karyawanijasah`
--

LOCK TABLES `karyawanijasah` WRITE;
/*!40000 ALTER TABLE `karyawanijasah` DISABLE KEYS */;
INSERT INTO `karyawanijasah` VALUES (3,'2708005','-','','SMK DN-03 MK 0012345','','','','',NULL,0,'2019-08-27 07:38:45',0,''),(4,'2708006','-','','','','S1/123/23/M','','',NULL,0,'2019-08-27 07:47:19',0,''),(6,'1209001','-','','','','','','',NULL,0,'2019-09-02 11:20:00',0,''),(7,'412002','-','SMP DN-03 DI 0239702','','','','','',NULL,0,'2019-09-02 11:25:19',0,''),(8,'811082','-','','SMK DN-03 MK/06 004683','','','','',NULL,0,'2019-09-02 11:30:58',0,''),(9,'2407075','-','','SMK DN-03 MK 0093604','','','','',NULL,0,'2019-09-02 11:34:21',0,''),(10,'2806151','-','SMP DN-03 DI/06 0135946','','','','','',NULL,0,'2019-09-02 11:36:54',0,''),(11,'1307155','-','SMP DN-03 DI 0152411','','','','','',NULL,0,'2019-09-02 11:40:37',0,''),(12,'1608161','-','SMP DN-03 DI/06 0140373','SMK M-SMK/13-3/0312955','','','','',NULL,0,'2019-09-02 11:42:31',0,''),(13,'811083','-','MTs MTS.021/11.23/PP.01.1','','','','','',NULL,0,'2019-09-02 11:44:36',0,''),(14,'404147','-','','SMA DN-Ma/13 150002196','','','','',NULL,0,'2019-09-02 11:46:33',0,''),(15,'1601138','-','','SMK DN-03 Mk 0054408','','','','',NULL,0,'2019-09-02 11:48:19',0,''),(16,'0116018','-','-','03. 0A od 0025348','-','-','-','-','',0,'2019-09-02 12:39:05',1,''),(17,'1116050','-','','DN-03 Mk 0001867','','','','',NULL,0,'2019-09-02 12:44:58',0,''),(18,'0806071','-','03 DI 0095316','03-MU 0135937','','','','','',0,'2019-09-02 12:51:50',1,''),(19,'1610079','DN-03 Dd 0174077','','','','','','',NULL,0,'2019-09-02 12:57:17',0,''),(20,'1211134','-','','DN-Mk/13 0190496','','','','',NULL,0,'2019-09-02 13:01:02',0,''),(21,'214005','-','DN-03 DI 0159442','','','','','',NULL,0,'2019-09-02 13:16:26',0,''),(23,'0116019','-','','DN-03 MK 0007035','','','','','',0,'2019-09-02 13:38:53',1,''),(24,'614007','-','','MA 0091870','','','','',NULL,0,'2019-09-02 13:50:43',0,''),(25,'0116021','-','','','','2752/S1/RG.LII/TI/0III/20','','','',0,'2019-09-03 09:46:45',1,''),(26,'503094','-','SMP 03PB0101684 085909','','','','','',NULL,0,'2019-09-03 09:51:14',0,''),(27,'0806072','-','SMP DN-03 DI 0153087','','','','','','',0,'2019-09-03 11:27:47',1,''),(28,'0815015','-','','','','3186/UMY/5/0160/2015 (13-','','','',0,'2019-09-03 11:30:36',1,''),(29,'1016044','-','','SMK DN-03 MK 0131772','','','','',NULL,0,'2019-09-03 11:36:51',0,''),(30,'2401093','03 0A OA 0493036','','','','','','',NULL,0,'2019-09-03 11:39:08',0,''),(31,'407110','-','','','2.01005458','','','',NULL,0,'2019-09-03 11:41:30',0,''),(32,'1701142','-','','','','6.12012E+14','','',NULL,0,'2019-09-03 11:43:58',0,''),(33,'1016040','-','SMP DN-03 DI 0239311','','','','','',NULL,0,'2019-09-03 11:46:50',0,''),(34,'2806154','-','','SMK DN-03 MK 0134315','','','','',NULL,0,'2019-09-03 11:48:38',0,''),(35,'204098','-','','SMA DN-03 MA 0023616','','2017201127','','',NULL,0,'2019-09-03 11:51:14',0,''),(36,'307108','-','','SMK DN-03 MK 0159332','','0058.0101.1.51.0416','','',NULL,0,'2019-09-03 11:53:21',0,''),(37,'0815013','DN-03 Dd 0354870','SMP DN-03 D1 0153302','','','','','','',0,'2019-09-03 11:55:34',1,''),(38,'503149','-','','SMA DN-03 Ma 0024691','','','','',NULL,0,'2019-09-03 11:57:42',0,''),(39,'2103146','-','','SMA DN-03 Ma 0022497','','','','',NULL,0,'2019-09-03 11:59:34',0,''),(40,'1701141','-','','','','6.12012E+14','','',NULL,0,'2019-09-03 12:02:24',0,''),(41,'1016042','-','MTs 068176 E.IV/K/MTS/B.8','','','','','',NULL,0,'2019-09-03 12:05:12',0,''),(42,'811120','LAIN LAIN DN-30 PC 001578','','','','','','',NULL,0,'2019-09-03 12:08:13',0,''),(43,'1306103','Sertifikat Satpam 532/VI/','','','','','','',NULL,0,'2019-09-05 08:07:10',0,''),(44,'1604099','Sertifikat satpam IJ/4590','','SMK DN-03 MK 0146172','','','','',NULL,0,'2019-09-05 08:12:21',0,''),(45,'1907118','AKTA HIBAH DAN LETER C','','','','','','',NULL,0,'2019-09-05 08:14:39',0,''),(46,'2207160','-','','SMK DN-03 MK 0199391','','','','',NULL,0,'2019-09-05 08:16:25',0,''),(47,'2808162','Sertifikat Satpam 2017/85','','SMK DN-03 MK/06 0029223','','','','',NULL,0,'2019-09-05 08:18:17',0,''),(48,'0716033','-','','','','','','','',0,'2019-09-05 09:20:57',1,''),(49,'0415024','DN-03 Dd 1350381','MTs MTs 11 0090565','SMK DN-03 MK 0187022','','','','','',0,'2019-09-05 09:24:20',1,''),(50,'0416027','-','','','','590/UNMER-PO/FH/5-1/2007','','','',0,'2019-09-05 09:26:47',1,''),(51,'407112','-','','','','003983/S/FKIP/PGSD/B/17','','','',0,'2019-09-05 09:28:59',0,''),(52,'2411084','-','','','','','','','DN-03 PC 006125',0,'2019-09-05 09:33:47',0,''),(53,'503096','-','','SMK DN-03 MK 0090564','','','','','',0,'2019-09-05 09:35:45',0,''),(54,'404148','-','','SMK DN-03 Mk/06 0001398','','','','','',0,'2019-09-05 09:37:33',0,''),(55,'811080','-','','SMA DN-03 MA 0025336','','','','','',0,'2019-09-05 09:39:55',0,''),(56,'309128','-','Mts 0323599','','','','','','SKET/16/V/2005',0,'2019-09-05 09:47:03',0,''),(57,'302101','-','SMP 03 DI 0849605','','','','','','',0,'2019-09-05 09:57:21',0,''),(58,'2405070','-','SMP 03-DI 0858047','','','','','','',0,'2019-09-05 11:31:18',0,''),(59,'0816036','-','SMP DN-03DI 0158144','SMA DN-03 Ma 0022316','','','','','',0,'2019-09-05 11:36:12',0,''),(60,'0416023','-','','MA 11015665','','','','','',0,'2019-09-05 11:45:38',0,''),(61,'307107','-','','SMK DN-03 MK/06 0052317','','','','','',0,'2019-09-05 11:55:16',0,''),(62,'1211136','-','','','','17 2471 02 2261','','','',0,'2019-09-05 11:57:17',0,''),(63,'2806150','-','','SMK DN-03 Mk 0099046','','','','','',0,'2019-09-05 12:02:25',0,''),(64,'2806153','-','SMP DN-03 DI/13 0019781','','','','','','',0,'2019-09-05 12:06:00',0,''),(65,'215011','-','SMP DN-03 D1 0154120','SMK DN-03 MK 0166705','','','','','',0,'2019-09-05 12:08:06',0,''),(66,'1016046','-','','MA 110000888','','','','','',0,'2019-09-05 12:10:22',0,''),(67,'814009','-','SMP DN-03 D1 0151413','SMA DN-03 Ma 0022627','','','','','',0,'2019-09-05 12:14:39',0,''),(68,'1211131','-','','SMK DN-03 Mk 0074207','','','','','',0,'2019-09-05 12:19:16',0,''),(69,'1016049','-','','SMK DN-03 MK 0138798','','','','','',0,'2019-09-05 12:21:57',0,''),(70,'1216060','-','','SMK DN-03 MK 0159329','','000366/5/FKIP/PE/B/16','','','',0,'2019-09-05 12:24:22',0,''),(71,'1610078','-','','110030614 MA.001/11.23/PP.01.1/0160/2013','','','','','',0,'2019-09-05 12:26:30',0,''),(72,'2112089','03/OA/oa 0534010','03 DI 0264242','DN-03 Mu 0142315','','','','','RA MSYITOH WADAS 1',0,'2019-09-05 12:28:53',0,''),(73,'2806152','-','DN-03 DI/06 0139706','','','','','','',0,'2019-09-05 12:30:43',0,''),(74,'1016048','-','DN-03 DI 0120926','','','','','','',0,'2019-09-04 14:05:54',0,''),(75,'1115016','DN-03 Dd 0177503','DN-03 D1 0120364','','','','','','',0,'2019-09-04 14:14:33',0,''),(76,'2411088','-','','SMK DN-03 MK/13 0082624','','','','','',0,'2019-09-04 14:24:00',0,''),(77,'1211133','-','','SMK DN-03 Mk 0098975','','','','','',0,'2019-09-04 14:26:15',0,''),(78,'1112137','-','DN-03 DI 0241679','DN-03 Mk 0090536','','','','','IJ/461220/V/2018',0,'2019-09-04 14:28:34',0,''),(79,'902145','-','DN-03 DO 0158117','','','','','','SKL NO: 367/GITDIV.DIK/SKL/XII-2018',0,'2019-09-04 14:30:21',0,''),(80,'0516031','-','','DN-03 MK 0166672','','','','','',0,'2019-09-04 14:32:43',0,''),(81,'407113','-','','','','CE131012/12013423380','','','',0,'2019-09-04 14:34:40',0,''),(82,'503097','-','','DN-03 MK 0083789','','','','','',0,'2019-09-04 14:36:28',0,''),(83,'108123','-','DN-05 DI 0191039','','','','','','',0,'2019-09-04 14:38:10',0,''),(84,'1216063','-','DN-03 DI 0143319','DN-03 MK/06 0088206','','','','','',0,'2019-09-04 14:41:39',0,''),(85,'1307159','-','','','','423/PSIK/2015','','','',0,'2019-09-04 14:43:18',0,''),(86,'1307158','-','','DN-03 MK 0118579','','','','','',0,'2019-09-04 14:44:47',0,''),(87,'0116020','-','','DN-03 Ma 0024849','E. 016415/351.066/PL4.6/2015','','','','',0,'2019-09-04 14:48:46',0,''),(88,'1307157','-','','','','SKI 00448','','','',0,'2019-09-04 14:50:29',0,''),(89,'2604100','-','','DN-03 MK 0118583','','','','','',0,'2019-09-04 14:55:00',0,''),(90,'1601139','-','','DN-Mk/06 0398525','','','','','',0,'2019-09-06 06:26:02',0,''),(91,'0806073','-','03 0A OB 0582780 ','03 0B 0F 103118650','','62 1053 H','','','',0,'2019-09-06 06:29:20',0,''),(92,'2401092','-','','','','','','','',0,'2019-09-06 06:30:59',0,''),(93,'407115','-','','03 MU 0116457','','','','','',0,'2019-09-06 06:33:05',0,''),(94,'1307156','-','','DN-03 MK 0052974','','','','','',0,'2019-09-06 06:35:11',0,''),(95,'413003','-','03 OA ob 0574138','','','','','','AKTA KELAHIRAN (6502/DIS/1988)',0,'2019-09-06 06:37:47',0,''),(96,'3101144','-','','DN-03 Ma/06 0013880','','','','','IJ/462624/VIII/2018',0,'2019-09-06 06:39:33',0,''),(97,'1701140','-','','DN-03 Mk 0218458','','','','','SKCK',0,'2019-09-06 06:41:13',0,''),(98,'2410129','-','DN-03 DI 0152577','DN-Mk/06 0306027','','','','','',0,'2019-09-06 06:44:20',0,''),(99,'3009130','-','','','','','','','AKTA AL 6780097607 / BUKU NIKAH 0312651',0,'2019-09-04 06:49:01',0,''),(100,'1207163','-','','','','','','','',0,'2019-09-04 06:55:07',0,''),(101,'1207164','-','','','','','','','SERTIFIKAT',0,'2019-09-04 06:56:46',0,''),(102,'3004165','-','DN-03 DI 0157905','','','','','','',0,'2019-09-04 13:48:13',0,''),(103,'0609166','-','','','','','','','',0,'2019-09-04 13:50:43',0,''),(104,'1607117','-','','03. 0A od 0025348','','','','','',0,'2019-09-13 07:37:38',0,''),(105,'814009','-','SMP DN-03 D1 0151413','SMA DN-03 Ma 0022627','','','','','',0,'2019-09-17 15:33:46',0,''),(106,'814009','-','SMP DN-03 D1 0151413','SMA DN-03 Ma 0022627','','','','','',0,'2019-09-17 15:34:18',0,'');
/*!40000 ALTER TABLE `karyawanijasah` ENABLE KEYS */;
UNLOCK TABLES;

--
-- Table structure for table `karyawansimpanan`
--

DROP TABLE IF EXISTS `karyawansimpanan`;
/*!40101 SET @saved_cs_client     = @@character_set_client */;
/*!40101 SET character_set_client = utf8 */;
CREATE TABLE `karyawansimpanan` (
  `ksi_id` int(11) NOT NULL AUTO_INCREMENT,
  `kar_kode` varchar(20) NOT NULL COMMENT 'fk dr karyawan',
  `ksi_simpanan` float NOT NULL,
  `ksi_status` tinyint(2) NOT NULL,
  `ksi_tgl` datetime NOT NULL,
  `ksi_flag` tinyint(2) NOT NULL,
  `ksi_info` text NOT NULL,
  PRIMARY KEY (`ksi_id`)
) ENGINE=InnoDB AUTO_INCREMENT=110 DEFAULT CHARSET=latin1;
/*!40101 SET character_set_client = @saved_cs_client */;

--
-- Dumping data for table `karyawansimpanan`
--

LOCK TABLES `karyawansimpanan` WRITE;
/*!40000 ALTER TABLE `karyawansimpanan` DISABLE KEYS */;
INSERT INTO `karyawansimpanan` VALUES (5,'2708004',2000000,0,'2019-08-27 07:26:24',0,''),(6,'2708005',2000000,0,'2019-08-27 07:38:45',0,''),(7,'2708006',2000000,0,'2019-08-27 07:47:19',0,''),(9,'1209001',0,0,'2019-09-02 11:20:00',0,''),(10,'412002',2000000,0,'2019-09-02 11:25:19',0,''),(11,'811082',2000000,0,'2019-09-02 11:30:58',0,''),(12,'2407075',2000000,0,'2019-09-02 11:34:21',0,''),(13,'2806151',2000000,0,'2019-09-02 11:36:54',0,''),(14,'1307155',2000000,0,'2019-09-02 11:40:37',0,''),(15,'1608161',2000000,0,'2019-09-02 11:42:31',0,''),(16,'811083',2000000,0,'2019-09-02 11:44:36',0,''),(17,'404147',2000000,0,'2019-09-02 11:46:33',0,''),(18,'1601138',2000000,0,'2019-09-02 11:48:19',0,''),(19,'0116018',2000000,0,'2019-09-02 12:39:05',0,''),(20,'1116050',2000000,0,'2019-09-02 12:44:58',0,''),(21,'0806071',2000000,0,'2019-09-02 12:51:50',0,''),(22,'1610079',2000000,0,'2019-09-02 12:57:17',0,''),(23,'1211134',2000000,0,'2019-09-02 13:01:02',0,''),(24,'214005',2000000,0,'2019-09-02 13:16:26',0,''),(26,'0116019',2000000,0,'2019-09-02 13:38:53',0,''),(27,'614007',2000000,0,'2019-09-02 13:50:43',0,''),(28,'0116021',2000000,0,'2019-09-03 09:46:45',0,''),(29,'503094',2000000,0,'2019-09-03 09:51:14',0,''),(30,'0806072',2000000,0,'2019-09-03 11:27:47',0,''),(31,'0815015',3000000,0,'2019-09-03 11:30:36',0,''),(32,'1016044',2000000,0,'2019-09-03 11:36:51',0,''),(33,'2401093',2000000,0,'2019-09-03 11:39:08',0,''),(34,'407110',2000000,0,'2019-09-03 11:41:30',0,''),(35,'1701142',2000000,0,'2019-09-03 11:43:58',0,''),(36,'1016040',2000000,0,'2019-09-03 11:46:50',0,''),(37,'2806154',2000000,0,'2019-09-03 11:48:38',0,''),(38,'204098',2000000,0,'2019-09-03 11:51:14',0,''),(39,'307108',2000000,0,'2019-09-03 11:53:21',0,''),(40,'0815013',3000000,0,'2019-09-03 11:55:34',0,''),(41,'503149',2000000,0,'2019-09-03 11:57:42',0,''),(42,'2103146',2000000,0,'2019-09-03 11:59:34',0,''),(43,'1701141',2000000,0,'2019-09-03 12:02:24',0,''),(44,'1016042',2000000,0,'2019-09-03 12:05:12',0,''),(45,'811120',2000000,0,'2019-09-03 12:08:13',0,''),(46,'1306103',2000000,0,'2019-09-05 08:07:10',0,''),(47,'1604099',2000000,0,'2019-09-05 08:12:21',0,''),(48,'1907118',2000000,0,'2019-09-05 08:14:39',0,''),(49,'2207160',2000000,0,'2019-09-05 08:16:25',0,''),(50,'2808162',2000000,0,'2019-09-05 08:18:17',0,''),(51,'0716033',0,0,'2019-09-05 09:20:57',0,''),(52,'0415024',2000000,0,'2019-09-05 09:24:20',0,''),(53,'0416027',2000000,0,'2019-09-05 09:26:47',0,''),(54,'407112',2000000,0,'2019-09-05 09:28:59',0,''),(55,'2411084',5000000,0,'2019-09-05 09:33:47',0,''),(56,'503096',2000000,0,'2019-09-05 09:35:45',0,''),(57,'404148',2000000,0,'2019-09-05 09:37:33',0,''),(58,'811080',2000000,0,'2019-09-05 09:39:55',0,''),(59,'309128',2000000,0,'2019-09-05 09:47:03',0,''),(60,'302101',2000000,0,'2019-09-05 09:57:21',0,''),(61,'2405070',2000000,0,'2019-09-05 11:31:18',0,''),(62,'0816036',2000000,0,'2019-09-05 11:36:12',0,''),(63,'0416023',2000000,0,'2019-09-05 11:45:38',0,''),(64,'307107',2000000,0,'2019-09-05 11:55:16',0,''),(65,'1211136',2000000,0,'2019-09-05 11:57:17',0,''),(66,'2806150',2000000,0,'2019-09-05 12:02:25',0,''),(67,'2806153',2000000,0,'2019-09-05 12:06:00',0,''),(68,'215011',2000000,0,'2019-09-05 12:08:06',0,''),(69,'1016046',2000000,0,'2019-09-05 12:10:22',0,''),(70,'814009',2000000,0,'2019-09-17 15:37:49',0,''),(71,'1211131',2000000,0,'2019-09-05 12:19:16',0,''),(72,'1016049',2000000,0,'2019-09-05 12:21:57',0,''),(73,'1216060',2000000,0,'2019-09-05 12:24:22',0,''),(74,'1610078',2000000,0,'2019-09-05 12:26:30',0,''),(75,'2112089',2000000,0,'2019-09-05 12:28:53',0,''),(76,'2806152',2000000,0,'2019-09-05 12:30:43',0,''),(77,'1016048',2000000,0,'2019-09-04 14:05:54',0,''),(78,'1115016',2000000,0,'2019-09-04 14:14:33',0,''),(79,'2411088',2000000,0,'2019-09-04 14:24:00',0,''),(80,'1211133',2000000,0,'2019-09-04 14:26:15',0,''),(81,'1112137',2000000,0,'2019-09-04 14:28:34',0,''),(82,'902145',2000000,0,'2019-09-04 14:30:21',0,''),(83,'0516031',2000000,0,'2019-09-04 14:32:43',0,''),(84,'407113',2000000,0,'2019-09-04 14:34:40',0,''),(85,'503097',2000000,0,'2019-09-04 14:36:28',0,''),(86,'108123',2000000,0,'2019-09-04 14:38:10',0,''),(87,'1216063',2000000,0,'2019-09-04 14:41:39',0,''),(88,'1307159',2000000,0,'2019-09-04 14:43:18',0,''),(89,'1307158',2000000,0,'2019-09-04 14:44:47',0,''),(90,'0116020',2000000,0,'2019-09-04 14:48:46',0,''),(91,'1307157',2000000,0,'2019-09-04 14:50:29',0,''),(92,'2604100',2000000,0,'2019-09-04 14:55:00',0,''),(93,'1601139',2000000,0,'2019-09-06 06:26:02',0,''),(94,'0806073',2000000,0,'2019-09-06 06:29:20',0,''),(95,'2401092',2000000,0,'2019-09-06 06:30:59',0,''),(96,'407115',2000000,0,'2019-09-06 06:33:05',0,''),(97,'1307156',2000000,0,'2019-09-06 06:35:11',0,''),(98,'413003',2000000,0,'2019-09-06 06:37:47',0,''),(99,'3101144',2000000,0,'2019-09-06 06:39:33',0,''),(100,'1701140',2000000,0,'2019-09-06 06:41:13',0,''),(101,'2410129',2000000,0,'2019-09-06 06:44:20',0,''),(102,'3009130',0,0,'2019-09-04 06:49:01',0,''),(103,'1207163',0,0,'2019-09-04 06:55:07',0,''),(104,'1207164',0,0,'2019-09-04 06:56:46',0,''),(105,'3004165',0,0,'2019-09-04 13:48:13',0,''),(106,'0609166',0,0,'2019-09-04 13:50:43',0,''),(107,'1607117',2000000,0,'2019-09-13 07:37:38',0,''),(108,'814009',2000000,0,'2019-09-17 15:37:49',0,''),(109,'814009',2000000,0,'2019-09-17 15:37:49',0,'');
/*!40000 ALTER TABLE `karyawansimpanan` ENABLE KEYS */;
UNLOCK TABLES;

--
-- Table structure for table `keluargakaryawan`
--

DROP TABLE IF EXISTS `keluargakaryawan`;
/*!40101 SET @saved_cs_client     = @@character_set_client */;
/*!40101 SET character_set_client = utf8 */;
CREATE TABLE `keluargakaryawan` (
  `kka_id` int(11) NOT NULL AUTO_INCREMENT,
  `kar_kode` varchar(20) NOT NULL COMMENT 'fk dr karyawan',
  `kka_nama` varchar(30) NOT NULL,
  `kka_hubungan` varchar(30) NOT NULL,
  `kka_alamat` text NOT NULL,
  `kka_nohp` varchar(20) NOT NULL,
  `kka_tgl` datetime NOT NULL,
  `kka_flag` tinyint(2) NOT NULL,
  `kka_info` text NOT NULL,
  PRIMARY KEY (`kka_id`)
) ENGINE=InnoDB AUTO_INCREMENT=106 DEFAULT CHARSET=latin1;
/*!40101 SET character_set_client = @saved_cs_client */;

--
-- Dumping data for table `keluargakaryawan`
--

LOCK TABLES `keluargakaryawan` WRITE;
/*!40000 ALTER TABLE `keluargakaryawan` DISABLE KEYS */;
INSERT INTO `keluargakaryawan` VALUES (1,'2708004','Wakijo','Ayah',' Kedu','08976876565','2019-08-27 07:26:24',0,''),(2,'2708005','Andi','Ayah',' Parakan','0897865765','2019-08-27 07:38:45',0,''),(3,'2708006','aaaa','Ayah',' Bulu','0876765654','2019-08-27 07:47:19',0,''),(5,'1209001','LULUK BUDIANA','ISTRI',' DSN. SROYO RT 08 RW 01 BOJONEGORO KEDU TEMANGGUNG\r\n','08562890739','2019-09-02 11:20:00',0,''),(6,'412002','SRI HARYADI','AYAH',' DSN. GONDANG BAWANG RT 05 RW 02 JUMO TEMANGGUNG\r\n','085292037777','2019-09-02 11:25:19',0,''),(7,'811082','ROMIDIYANTO','AYAH',' GEDEGAN RT 03 RW 08 GIRIPURNO NGADIREJO\r\n','081227937511','2019-09-02 11:30:58',0,''),(8,'2407075','VITA WIRANTI','ISTRI',' BANGUNSARI BANSARI TEMANGGUNG\r\n','085708708613','2019-09-02 11:34:21',0,''),(9,'2806151','PARTINI','IBU KANDUNG',' KEJI 2/3 GENTAN KRANGGAN\r\n','085225240935','2019-09-02 11:36:54',0,''),(10,'1307155','DILA ERLINA','ADIK KANDUNG',' KAYUTAHUN 4/2 BANARAN GEMAWANG\r\n','085722211138','2019-09-02 11:40:37',0,''),(11,'1608161','RITA PUJIARTI','IBU KANDUNG',' NGLARANG I 4/3 MANGUNSARI NGADIREJO TEMANGGUNG','085842193379','2019-09-02 11:42:31',0,''),(12,'811083','SUKRIYANTO','AYAH',' DERMONGANTI RT 01 RW 04 KETITANG JUMO\r\n','085387902550','2019-09-02 11:44:36',0,''),(13,'404147','HERU','AYAH',' RECO 07/08 KERTEK WONOSOBO','082155123487','2019-09-02 11:46:33',0,''),(14,'1601138','MARDINA WAHYU INDARTI','IBU KANDUNG',' DERMONGANTI RT 01 RW 03 KETITANG JUMO\r\n','085299985365','2019-09-02 11:48:19',0,''),(15,'0116018','Mujiyono','Suami','PENDOWO RT 04 RW 17 PENDOWO KRANGGAN TEMANGGUNG\r\n','081392137690','2019-09-02 12:39:05',0,''),(16,'1116050','EKO PRASETYO','Suami',' PAGERJURANG RT 02 RW 02 JAMUSAN JUMO\r\n','085712974694','2019-09-02 12:44:58',0,''),(17,'0806071','EKO MISGITANTO','Suami',' GARUNG BUTUH KALIKAJAR WONOSOBO\r\n','085227885051','2019-09-02 12:51:50',0,''),(18,'1610079','SUMIDI','Ayah',' SEDELEP GEMAWNG\r\n','81380488591','2019-09-02 12:57:17',0,''),(19,'1211134','SUWATI','IBU',' KABUNAN RT 05 RW 01 BANDUNGGEDE KEDU\r\n','081227107584','2019-09-02 13:01:02',0,''),(20,'214005','Wakijo','Ayah',' DIWEK RT 05 RW 06 BOJONEGORO KEDU TEMANGGUNG','081225193816','2019-09-02 13:16:26',0,''),(22,'0116019','MUJARI','Ayah',' MUNCAR LOR','085695566849','2019-09-02 13:38:53',0,''),(23,'614007','MUHAMMAD MAKRUF','Suami',' KEROKAN RT 02 RW 01 KUTOANYAR KEDU TEMANGGUNG\r\n','087834263105','2019-09-02 13:50:43',0,''),(24,'0116021','SUPRAPTO','AYAH',' DSN.TANDURAN RT 01 RW 04 CATURANOM, \r\n','081548221037','2019-09-03 09:46:45',0,''),(25,'503094','Rr. DWIYANTI BUDI UTAMI','KAKAK',' BANDUNG\r\n','085726589967','2019-09-03 09:51:14',0,''),(26,'0806072','SLAMET NARHADI','ADIK KANDUNG',' SUMBERAN, PETIREJO NGADIREJO\r\n','085803318605','2019-09-03 11:27:47',0,''),(27,'0815015','SUSMITARTI','IBU KANDUNG',' BAJANGAN RT 04 RW 01 MANDISARI PARAKAN\r\n','085290615763','2019-09-03 11:30:36',0,''),(28,'1016044','RONI','KAKAK',' BATUR SARI RT 01 RW 01 KLEDUNG\r\n','085878347924','2019-09-03 11:36:51',0,''),(29,'2401093','SULAMI','IBU KANDUNG',' BUGEN RT 02 RW 01 GEBLOK KALORAN TEMANGGUNG\r\n','082357541241','2019-09-03 11:39:08',0,''),(30,'407110','RINA WAHYU SUCI','ADIK KANDUNG',' PETAK BLORANG JUMANTORO SOLO\r\n','082323206767','2019-09-03 11:41:30',0,''),(31,'1701142','SUTARTO','AYAH',' DS NGIMBRANG 2/1 BULU TEMANGGUNG \r\n','081390306064','2019-09-03 11:43:58',0,''),(32,'1016040','ISNAENI HASTUTI','KAKAK',' DSN. DOTAKAN RT 02 RW 02 MUNTUNG CANDIROTO\r\n','085643545925','2019-09-03 11:46:50',0,''),(33,'2806154','ROBI','KAKAK',' KAUMAN 4/3 MUNTUNG CANDIROTO\r\n','085668377898','2019-09-03 11:48:38',0,''),(34,'204098','MUHAMMAD SAHLi','PAMAN',' MEKARSARI RT 03 RW 05 MANDISARI PARAKAN','082137348608','2019-09-03 11:51:14',0,''),(35,'307108','MASHUDI','AYAH',' KEDU GANG 3 RT 06 RW 03 KEDU TEMANGGUNG','085867380552','2019-09-03 11:53:21',0,''),(36,'0815013','SUPRAPTO','AYAH',' CAMPURSALAM RT 02 RW 02 PARAKAN TEMANGGUNG','085743960313','2019-09-03 11:55:34',0,''),(37,'503149','ERIN KURNIA NINGRUM','ADIK IPAR',' TORO RT   RW   KERTOSARI JUMO TEMANGGUNG\r\n','085725915050','2019-09-03 11:57:42',0,''),(38,'2103146','LILIK ASWATUN MUQODIMAH','IBU KANDUNG',' SAWAHAN  1/2 TEGALSARI KEDU, TEMANGGUNG\r\n','081393208667','2019-09-03 11:59:34',0,''),(39,'1701141','KHUSNIATUR ROFIAH','BUDHE',' PARAKAN KAUMAN','081578864118','2019-09-03 12:02:24',0,''),(40,'1016042','WALUYO','SAUDARA',' CARIKAN III KERTOSARI JUMO\r\n','085326676746','2019-09-03 12:05:12',0,''),(41,'811120','SUNAJAD','SAUDARA',' GONDOSULI RT 05 RW 01 TEMANGGUNG','085693883076','2019-09-03 12:08:13',0,''),(42,'1306103','HENI RESMININGSIH','ADIK KANDUNG',' PURI KENCANA RT 02 RW 05 MANDING TEMANGGUNG\r\n','085877608286','2019-09-05 08:07:10',0,''),(43,'1604099','RULY RETNO PERTIWI','ISTRI',' MUNCAR KULON RT 03 RW 04 MUNCAR GEMAWANG\r\n','085601000523','2019-09-05 08:12:21',0,''),(44,'1907118','WAHYUDI','KAKAK',' BANJARAN, KRAMATAN, WONOSOBO\r\n','081392171708','2019-09-05 08:14:39',0,''),(45,'2207160','ERNI SUSANTI','ISTRI',' DALEM TEGOWANUH 3/1 KALORAN TEMANGGUNG','085890050254','2019-09-05 08:16:25',0,''),(46,'2808162','IMAM MUSTAQIM','ADIK KANDUNG',' LIMBO MAKMUR BUMIRAYA MAROWALI SULTENG ( CANDIMULYO KEDU)\r\n','082296237751','2019-09-05 08:18:17',0,''),(47,'0716033','SAKRONI','ADIK KANDUNG',' DSN WONOSROYO RT 001 RW 001 BOJONEGORO KEDU\r\n','085647607857','2019-09-05 09:20:57',0,''),(48,'0415024','TUGIYATI','IBU KANDUNG',' KARANG MANGGIS RT 01 RW 03 KARANG SENENG GEMAWANG','085950601810','2019-09-05 09:24:20',0,''),(49,'0416027','LULUK BUDIANA','SEPUPU',' WONOSROYO RT 8 RW 01 BOJONEGORO KEDU TEMNGGUNG\r\n','08562890739','2019-09-05 09:26:47',0,''),(50,'407112','ANDHI AZIZ ANDUNG DEWANTO','KAKAK',' GELANGAN TLOGOMULYO TEMANGGUNG\r\n','081229066655','2019-09-05 09:28:59',0,''),(51,'2411084','SLAMET WIDODO','KAKAK','GIYONO JUMO ','085292038757','2019-09-05 09:33:47',0,''),(52,'503096','WAHYUDI','AYAH',' MRIAN KULON RT 01 RW 03 KUNDISARI KEDU\r\n','085228503071','2019-09-05 09:35:45',0,''),(53,'404148','MUSTAVIN DEVAH MAYIS','ADIK KANDUNG',' SESEH 01/09 NGADISEPI GEMAWANG','085742296381','2019-09-05 09:37:33',0,''),(54,'811080','FATRIYADI','SUAMI',' KARANG MANGGIS RT 03 RW 03 KARANGSENENG GEMAWANG','082220116716','2019-09-05 09:39:55',0,''),(55,'309128','INTAN ARI SANTI','ISTRI',' KRAJAN RT 04 RW 01 PETIREJO, NGADIREJO','085228900232','2019-09-05 09:47:03',0,''),(56,'302101','AZIS NURAHMANTO','KAKAK',' MERGAGDAN TIMUR YOGYAKARTA','085600617280','2019-09-05 09:57:21',0,''),(57,'2405070','TRI UTAMI WAHYU NINGSIH','ISTRI',' WADAS WETAN 02/07 WADAS KANDANGAN \r\n','085641430043','2019-09-05 11:31:18',0,''),(58,'0816036','YAMIYAH','KAKAK',' DSN. SUMBERAN DSN PETIREJO','085291445836','2019-09-05 11:36:12',0,''),(59,'0416023','RESTU PRAMUJI','SUAMI',' GROGOL RT 02 RW 02 KUTOANYAR KEDU TEMANGGUNG','085942041255','2019-09-05 11:45:38',0,''),(60,'307107','WULAN RAMADHANI','ADIK KANDUNG',' KARANGBENDO RT 02 RW 03 TEGALROSO PARAKAN TEMANGGUNG','085700996843','2019-09-05 11:55:16',0,''),(61,'1211136','RAHARDIAN NUR LAILY AISYAH','ADIK KANDUNG',' GABUNGAN RT 01 RW 09 TEGALSARI KEDU','081327497763','2019-09-05 11:57:17',0,''),(62,'2806150','GAMANG WARDOYO','KAKAK',' JUBUG 2/2 WANUTENGAH PARAKAN\r\n','081393812767','2019-09-05 12:02:25',0,''),(63,'2806153','ZAENAL ARIFIN','AYAH','DSN. TAPAK 3/4 GIYONO JUMO ','085228174424','2019-09-05 12:06:00',0,''),(64,'215011','PURWANTI','IBU KANDUNG',' BANDUNG RT 02 RW 06 BANDUNGGEDE KEDU TEMANGGUNG','085290195587','2019-09-05 12:08:06',0,''),(65,'1016046','WIDIYONO','SUAMI',' BATUR SARI RT 01 RW 01 KLEDUNG\r\n','085741985246','2019-09-05 12:10:22',0,''),(66,'814009','ccccc','KAKAK',' GARON RT 03 RW 05 PURBOSARI NGADIREJO\r\n','081548218603','2019-09-05 12:14:39',0,''),(67,'1211131','ARI ARISTYO','SUAMI',' DSN KRAJAN RT 02 RW 01 LEMPUYANG CANDIROTO TEMANGGUNG','085234482946','2019-09-05 12:19:16',0,''),(68,'1016049','MARYUDI','AYAH',' GARUNG BUTUH RT 09 RW 02 KALIKAJAR  WONOSOBO','085291045393','2019-09-05 12:21:57',0,''),(69,'1216060','085726648055','KAKAK',' SANGKON TUKSARI RT 03 RW 02 KLEDUNG TEMANGGUNG\r\n','085328338602','2019-09-05 12:24:22',0,''),(70,'1610078','ANDUNG JATI','ADIK KANDUNG',' BANYUURIP RT 06 RW 02 BULU TEMANGGUNG','085878523645','2019-09-05 12:26:30',0,''),(71,'2112089','WISNU WARDOYO ','ADIK KANDUNG',' WADAS KULON RT 02 RW 07 WADAS KANDANGAN\r\n','085743898057','2019-09-05 12:28:53',0,''),(72,'2806152','YANTI DWI YULIANTI','KAKAK',' KRAJAN 5/1 PETIREJO NGADIREJO','081228733693','2019-09-05 12:30:43',0,''),(73,'1016048','JUPIYAH','IBU KANDUNG',' DSN SUCEN RT 05 TW 05 SUCEN GEMAWANG\r\n','085802428501','2019-09-04 14:05:54',0,''),(74,'1115016','SUSANTO','KAKAK',' BARANG WETAN (SUWIGNYO : CARIKAN 1 04/01 KERTOSARI JUMO)\r\n','085877288244','2019-09-04 14:14:33',0,''),(75,'2411088','SEPTI SORAYA','KAKAK',' KRAJAN RT 07 RW 01 LEMPUYUNG CANDIROTO\r\n','082137744679','2019-09-04 14:24:00',0,''),(76,'1211133','EWIK NOVIANA','ADIK KANDUNG',' JETIS KAUMAN RT 04 W 12 PARAKAN KAUMAN\r\n','085840227375','2019-09-04 14:26:15',0,''),(77,'1112137','RINI MURDIANINGSING','KAKAK',' TLOGOREJO TEMANGGUNG\r\n','085743684397','2019-09-04 14:28:34',0,''),(78,'902145','PUJI RAHAYU','KAKAK',' DIWEK SUNGGINGSARI RT 03 RW 03 PARAKAN \r\n','085865772415','2019-09-04 14:30:21',0,''),(79,'0516031','ABDUL ROCHIM','AYAH',' BALEKKERSO, GEDONGSARI JUMO ','081903971069','2019-09-04 14:32:43',0,''),(80,'407113','SETYO NUGROHO','KAKAK',' PERUM GREEN AMBARAWA RESIDENCE KELURAHAN POJOK SARI AMBARAWA SEMARANG\r\n','081363635395','2019-09-04 14:34:40',0,''),(81,'503097','SETYO PRAMONO','AYAH',' JAMUSAN RT 09 RW 01 JAMUSAN JUMO TEMANGGUNG\r\n','087745611666','2019-09-04 14:36:28',0,''),(82,'108123','SONNY WIJATNARKO','AYAH',' JL. LAWU GG I/43 P RT 004 RW 002, NOLOGATEN, PONOROGO','082234688538','2019-09-04 14:38:10',0,''),(83,'1216063','WIDIYAWATI','IBU KANDUNG',' TEGALURUNG RT 05 RW 01 BULU\r\n','082137781071','2019-09-04 14:41:39',0,''),(84,'1307159','SIDIK SUPRAPTO','AYAH',' WARUNGSARI NO 9 MANDISARI PARAKAN\r\n','081392920045','2019-09-04 14:43:18',0,''),(85,'1307158','FATONI','AYAH',' GONDANG DHUWUR 5/1 MANGGONG NGADIREJO','085640714865','2019-09-04 14:44:47',0,''),(86,'0116020','ELLA FITRIASARI','KAKAK',' PAKISAN RT 05 RW 05 CANDIMULYO KEDU TEMANGGUNG\r\n','08562526657','2019-09-04 14:48:46',0,''),(87,'1307157','RUSMINAH','IBU KANDUNG',' JURANG 2/1 KEMLOKO KRANGGAN','082327725978','2019-09-04 14:50:29',0,''),(88,'2604100','TITIK SULAMIYATI','IBU KANDUNG',' PRUPUGAN RT 04 RW 02 BOJONEGORO KEDU TEMANGGUNG\r\n','085328085901','2019-09-04 14:55:00',0,''),(89,'1601139','YUYUN ARISTA','KAKAK',' PAGERJURANG RT 02 RW 02 JAMUSAN JUMO\r\n','085643328708','2019-09-06 06:26:02',0,''),(90,'0806073','DENI KURNIAWAN','ADIK KANDUNG',' BANJARSARI RT 03 RW 01 KEBUMEN PRINGSURAT \r\n','085642591805','2019-09-06 06:29:20',0,''),(91,'2401092','ARMIYANI','KAKAK',' MANDANG RT 03 RW 02 SUCEN GEMAWANG TEMANGGUNG\r\n','085741466922','2019-09-06 06:30:59',0,''),(92,'407115','DARWATI','SEPUPU',' BATURSARI RT 02/01 KLEDUNG TEMANGGUNG\r\n','085712975149','2019-09-06 06:33:05',0,''),(93,'1307156','MUHAMMAD SOLIKHIN','ADIK KANDUNG',' KALIPAHING 2/3 NGADISEPI GEMAWANG','081228960389','2019-09-06 06:35:11',0,''),(94,'413003','SUPRIHATIN ','ISTRI ',' GENENG TEMANGGUNG / MENAYU RT 02 RW 02  MENAYU BULU TEMANGGUNG\r\n','082138415161','2019-09-06 06:37:47',0,''),(95,'3101144','SITI FAROZAH','IBU KANDUNG',' TEGALSARI 7/4 PURWOSARI KRANGGAN','085726656684','2019-09-06 06:39:33',0,''),(96,'1701140','NOVIA','ISTRI',' LINGKUNGAN SENDANG WALITELON SELATAN TEMANGGUNG','088232889339','2019-09-06 06:41:13',0,''),(97,'2410129','SULFARI UTAMI','SAUDARA',' DSN.TAPAK 001/004 GIYONO,JUMO, TEMANGGUNG\r\n','085227012036','2019-09-06 06:44:20',0,''),(98,'3009130','SUDIYANTO','SUAMI','DSN KEPAL RT 003 RW 008 MERGOWATI KEDU ','082138755685','2019-09-04 06:49:01',0,''),(99,'1207163','RETNO WULAN SARI','ISTRI',' PERUM AZA GRIYA BLOK DI RT 2 RW 4 WALITELON UTARA 085747474801','085740283973','2019-09-04 06:55:07',0,''),(100,'1207164','NASTIKHATUL A','ISTRI',' BONDALEM RT 5 RW 2 MANGUNSARI NGADIREJO','085799146107','2019-09-04 06:56:46',0,''),(101,'3004165','SHODIKIN','KAKAK',' TEGAL ARUM BOROBUDUR MAGELANG','087825465227','2019-09-04 13:48:13',0,''),(102,'0609166','TEGUH WAHYUNING UMI P','ANAK KANDUNG',' PENDOWO 3/16 PENDOWO KRANGGAN','085866300428','2019-09-04 13:50:43',0,''),(103,'1607117','PUJI RAHAYU','ISTRI',' PENDOWO RT 04 RW 17 PENDOWO KRANGGAN TEMANGGUNG','087745506237','2019-09-13 07:37:38',0,''),(104,'814009','ccccc','KAKAK',' GARON RT 03 RW 05 PURBOSARI NGADIREJO\r\n','081548218603','2019-09-17 15:33:46',0,''),(105,'814009','ccccc','KAKAK',' GARON RT 03 RW 05 PURBOSARI NGADIREJO\r\n','081548218603','2019-09-17 15:34:18',0,'');
/*!40000 ALTER TABLE `keluargakaryawan` ENABLE KEYS */;
UNLOCK TABLES;

--
-- Table structure for table `keuntunganinvestasi`
--

DROP TABLE IF EXISTS `keuntunganinvestasi`;
/*!40101 SET @saved_cs_client     = @@character_set_client */;
/*!40101 SET character_set_client = utf8 */;
CREATE TABLE `keuntunganinvestasi` (
  `kiv_id` int(10) NOT NULL AUTO_INCREMENT,
  `pib_id` int(10) NOT NULL COMMENT 'fk dari penarikaninvestasiberjangka',
  `kiv_jmlkeuntungan` float NOT NULL,
  `kiv_tglkeuntungan` datetime NOT NULL,
  `kiv_tgl` datetime NOT NULL,
  `kiv_flag` tinyint(2) NOT NULL,
  `kiv_info` text NOT NULL,
  PRIMARY KEY (`kiv_id`)
) ENGINE=InnoDB DEFAULT CHARSET=latin1;
/*!40101 SET character_set_client = @saved_cs_client */;

--
-- Dumping data for table `keuntunganinvestasi`
--

LOCK TABLES `keuntunganinvestasi` WRITE;
/*!40000 ALTER TABLE `keuntunganinvestasi` DISABLE KEYS */;
/*!40000 ALTER TABLE `keuntunganinvestasi` ENABLE KEYS */;
UNLOCK TABLES;

--
-- Table structure for table `klaimsimkesan`
--

DROP TABLE IF EXISTS `klaimsimkesan`;
/*!40101 SET @saved_cs_client     = @@character_set_client */;
/*!40101 SET character_set_client = utf8 */;
CREATE TABLE `klaimsimkesan` (
  `ksi_id` int(10) NOT NULL AUTO_INCREMENT,
  `sik_kode` varchar(25) NOT NULL COMMENT 'fk dari simkesan',
  `jkl_id` int(10) NOT NULL COMMENT 'fk dari jenisklaim',
  `ksi_tglklaim` datetime NOT NULL,
  `ksi_totalsetor` float NOT NULL,
  `ksi_jmlklaim` float NOT NULL,
  `ksi_jmltunggakan` float NOT NULL,
  `ksi_administrasi` float NOT NULL,
  `ksi_jmlditerima` float NOT NULL,
  `ksi_status` tinyint(1) NOT NULL,
  `ksi_tgl` datetime NOT NULL,
  `ksi_flag` tinyint(2) NOT NULL,
  `ksi_info` text NOT NULL,
  PRIMARY KEY (`ksi_id`)
) ENGINE=InnoDB DEFAULT CHARSET=latin1;
/*!40101 SET character_set_client = @saved_cs_client */;

--
-- Dumping data for table `klaimsimkesan`
--

LOCK TABLES `klaimsimkesan` WRITE;
/*!40000 ALTER TABLE `klaimsimkesan` DISABLE KEYS */;
/*!40000 ALTER TABLE `klaimsimkesan` ENABLE KEYS */;
UNLOCK TABLES;

--
-- Table structure for table `master_access`
--

DROP TABLE IF EXISTS `master_access`;
/*!40101 SET @saved_cs_client     = @@character_set_client */;
/*!40101 SET character_set_client = utf8 */;
CREATE TABLE `master_access` (
  `id` int(11) NOT NULL AUTO_INCREMENT,
  `nm_access` varchar(255) DEFAULT NULL,
  `note` text DEFAULT NULL,
  `created_at` datetime DEFAULT NULL,
  `created_by` int(11) DEFAULT NULL,
  PRIMARY KEY (`id`)
) ENGINE=InnoDB AUTO_INCREMENT=13 DEFAULT CHARSET=latin1;
/*!40101 SET character_set_client = @saved_cs_client */;

--
-- Dumping data for table `master_access`
--

LOCK TABLES `master_access` WRITE;
/*!40000 ALTER TABLE `master_access` DISABLE KEYS */;
INSERT INTO `master_access` VALUES (1,'M_USER','MENU USER','0000-00-00 00:00:00',0),(5,'M_LAPORAN','MENU LAPORAN',NULL,NULL),(6,'M_SISTEM','MENU SISTEM',NULL,NULL),(7,'M_SIMPANAN','ADMIN SIMPANAN','2019-08-12 12:57:54',1),(8,'M_PINJAMAN','ADMIN PINJAMAN','2019-08-12 12:58:15',1),(9,'M_SIMKESAN','ADMIN SIMKESAN','2019-08-12 12:58:39',1),(10,'M_INVESTASI','ADMIN INVESTASI','2019-08-12 12:59:02',1),(11,'M_UTILITAS','M_UTILITAS','2019-08-29 07:09:23',1),(12,'M_EDIT','M_EDIT','2019-09-04 14:19:07',1);
/*!40000 ALTER TABLE `master_access` ENABLE KEYS */;
UNLOCK TABLES;

--
-- Table structure for table `mutasiberjangka`
--

DROP TABLE IF EXISTS `mutasiberjangka`;
/*!40101 SET @saved_cs_client     = @@character_set_client */;
/*!40101 SET character_set_client = utf8 */;
CREATE TABLE `mutasiberjangka` (
  `mib_id` int(10) NOT NULL AUTO_INCREMENT,
  `ivb_kode` varchar(25) NOT NULL COMMENT 'fk dari investasiberjangka',
  `mib_tglmutasi` datetime NOT NULL,
  `mib_asal` varchar(25) NOT NULL,
  `mib_tujuan` varchar(25) NOT NULL,
  `mib_status` tinyint(1) NOT NULL,
  `mib_tgl` datetime NOT NULL,
  `mib_flag` tinyint(2) NOT NULL,
  `mib_info` text NOT NULL,
  PRIMARY KEY (`mib_id`)
) ENGINE=InnoDB DEFAULT CHARSET=latin1;
/*!40101 SET character_set_client = @saved_cs_client */;

--
-- Dumping data for table `mutasiberjangka`
--

LOCK TABLES `mutasiberjangka` WRITE;
/*!40000 ALTER TABLE `mutasiberjangka` DISABLE KEYS */;
/*!40000 ALTER TABLE `mutasiberjangka` ENABLE KEYS */;
UNLOCK TABLES;

--
-- Table structure for table `mutasipinjaman`
--

DROP TABLE IF EXISTS `mutasipinjaman`;
/*!40101 SET @saved_cs_client     = @@character_set_client */;
/*!40101 SET character_set_client = utf8 */;
CREATE TABLE `mutasipinjaman` (
  `mup_id` int(15) NOT NULL AUTO_INCREMENT,
  `pin_id` varchar(25) NOT NULL COMMENT 'fk dari pinjaman',
  `mup_tglmutasi` datetime NOT NULL,
  `mup_asal` varchar(25) NOT NULL,
  `mup_tujuan` varchar(25) NOT NULL,
  `mup_status` tinyint(1) NOT NULL,
  `mup_tgl` datetime NOT NULL,
  `mup_flag` tinyint(2) NOT NULL,
  `mup_info` text NOT NULL,
  PRIMARY KEY (`mup_id`)
) ENGINE=InnoDB DEFAULT CHARSET=latin1;
/*!40101 SET character_set_client = @saved_cs_client */;

--
-- Dumping data for table `mutasipinjaman`
--

LOCK TABLES `mutasipinjaman` WRITE;
/*!40000 ALTER TABLE `mutasipinjaman` DISABLE KEYS */;
/*!40000 ALTER TABLE `mutasipinjaman` ENABLE KEYS */;
UNLOCK TABLES;

--
-- Table structure for table `mutasisimkesan`
--

DROP TABLE IF EXISTS `mutasisimkesan`;
/*!40101 SET @saved_cs_client     = @@character_set_client */;
/*!40101 SET character_set_client = utf8 */;
CREATE TABLE `mutasisimkesan` (
  `msk_id` int(10) NOT NULL AUTO_INCREMENT,
  `sik_kode` varchar(25) NOT NULL COMMENT 'fk dari simkesan',
  `msk_tglmutasi` datetime NOT NULL,
  `msk_asal` varchar(25) NOT NULL,
  `msk_tujuan` varchar(25) NOT NULL,
  `msk_status` tinyint(1) NOT NULL,
  `msk_tgl` datetime NOT NULL,
  `msk_flag` tinyint(2) NOT NULL,
  `msk_info` text NOT NULL,
  PRIMARY KEY (`msk_id`)
) ENGINE=InnoDB DEFAULT CHARSET=latin1;
/*!40101 SET character_set_client = @saved_cs_client */;

--
-- Dumping data for table `mutasisimkesan`
--

LOCK TABLES `mutasisimkesan` WRITE;
/*!40000 ALTER TABLE `mutasisimkesan` DISABLE KEYS */;
/*!40000 ALTER TABLE `mutasisimkesan` ENABLE KEYS */;
UNLOCK TABLES;

--
-- Table structure for table `mutasisimpanan`
--

DROP TABLE IF EXISTS `mutasisimpanan`;
/*!40101 SET @saved_cs_client     = @@character_set_client */;
/*!40101 SET character_set_client = utf8 */;
CREATE TABLE `mutasisimpanan` (
  `mus_id` int(11) NOT NULL AUTO_INCREMENT,
  `sim_kode` varchar(25) NOT NULL COMMENT 'fk dari simpanan',
  `mus_tglmutasi` datetime NOT NULL,
  `mus_asal` varchar(25) NOT NULL,
  `mus_tujuan` varchar(25) NOT NULL,
  `mus_status` tinyint(1) NOT NULL,
  `mus_tgl` datetime NOT NULL,
  `mus_flag` tinyint(2) NOT NULL,
  `mus_info` text NOT NULL,
  PRIMARY KEY (`mus_id`)
) ENGINE=InnoDB DEFAULT CHARSET=latin1;
/*!40101 SET character_set_client = @saved_cs_client */;

--
-- Dumping data for table `mutasisimpanan`
--

LOCK TABLES `mutasisimpanan` WRITE;
/*!40000 ALTER TABLE `mutasisimpanan` DISABLE KEYS */;
/*!40000 ALTER TABLE `mutasisimpanan` ENABLE KEYS */;
UNLOCK TABLES;

--
-- Table structure for table `neracaaktivatetap`
--

DROP TABLE IF EXISTS `neracaaktivatetap`;
/*!40101 SET @saved_cs_client     = @@character_set_client */;
/*!40101 SET character_set_client = utf8 */;
CREATE TABLE `neracaaktivatetap` (
  `nat_id` int(11) NOT NULL AUTO_INCREMENT,
  `nat_tanah` float DEFAULT NULL,
  `nat_bangunan` float DEFAULT NULL,
  `nat_elektronik` float DEFAULT NULL,
  `nat_kendaraan` float DEFAULT NULL,
  `nat_peralatan` float DEFAULT NULL,
  `nat_akumulasipenyusutan` float DEFAULT NULL,
  `nat_tanggal` datetime NOT NULL,
  `nat_tgl` datetime NOT NULL,
  `nat_flag` tinyint(4) NOT NULL,
  `nat_info` text NOT NULL,
  PRIMARY KEY (`nat_id`)
) ENGINE=InnoDB AUTO_INCREMENT=4 DEFAULT CHARSET=latin1;
/*!40101 SET character_set_client = @saved_cs_client */;

--
-- Dumping data for table `neracaaktivatetap`
--

LOCK TABLES `neracaaktivatetap` WRITE;
/*!40000 ALTER TABLE `neracaaktivatetap` DISABLE KEYS */;
/*!40000 ALTER TABLE `neracaaktivatetap` ENABLE KEYS */;
UNLOCK TABLES;

--
-- Table structure for table `neracaekuitas`
--

DROP TABLE IF EXISTS `neracaekuitas`;
/*!40101 SET @saved_cs_client     = @@character_set_client */;
/*!40101 SET character_set_client = utf8 */;
CREATE TABLE `neracaekuitas` (
  `nek_id` int(11) NOT NULL AUTO_INCREMENT,
  `nek_tanggal` datetime NOT NULL,
  `nek_simpanancdr` float NOT NULL,
  `nek_donasi` float NOT NULL,
  `nek_tgl` datetime NOT NULL,
  `nek_flag` tinyint(2) NOT NULL,
  `nek_info` text NOT NULL,
  PRIMARY KEY (`nek_id`)
) ENGINE=InnoDB AUTO_INCREMENT=3 DEFAULT CHARSET=latin1;
/*!40101 SET character_set_client = @saved_cs_client */;

--
-- Dumping data for table `neracaekuitas`
--

LOCK TABLES `neracaekuitas` WRITE;
/*!40000 ALTER TABLE `neracaekuitas` DISABLE KEYS */;
/*!40000 ALTER TABLE `neracaekuitas` ENABLE KEYS */;
UNLOCK TABLES;

--
-- Table structure for table `neracakasbank`
--

DROP TABLE IF EXISTS `neracakasbank`;
/*!40101 SET @saved_cs_client     = @@character_set_client */;
/*!40101 SET character_set_client = utf8 */;
CREATE TABLE `neracakasbank` (
  `nkb_id` int(11) NOT NULL AUTO_INCREMENT,
  `nkb_tanggal` datetime NOT NULL,
  `nkb_jumlah` float NOT NULL,
  `nkb_tgl` datetime NOT NULL,
  `nkb_flag` tinyint(4) NOT NULL,
  `nkb_info` text NOT NULL,
  PRIMARY KEY (`nkb_id`)
) ENGINE=InnoDB AUTO_INCREMENT=2 DEFAULT CHARSET=latin1;
/*!40101 SET character_set_client = @saved_cs_client */;

--
-- Dumping data for table `neracakasbank`
--

LOCK TABLES `neracakasbank` WRITE;
/*!40000 ALTER TABLE `neracakasbank` DISABLE KEYS */;
/*!40000 ALTER TABLE `neracakasbank` ENABLE KEYS */;
UNLOCK TABLES;

--
-- Table structure for table `neracakasbanksimkesan`
--

DROP TABLE IF EXISTS `neracakasbanksimkesan`;
/*!40101 SET @saved_cs_client     = @@character_set_client */;
/*!40101 SET character_set_client = utf8 */;
CREATE TABLE `neracakasbanksimkesan` (
  `nkbs_id` int(11) NOT NULL AUTO_INCREMENT,
  `nkbs_tanggal` datetime NOT NULL,
  `nkbs_jumlah` float NOT NULL,
  `nkbs_tgl` datetime NOT NULL,
  `nkbs_flag` tinyint(4) NOT NULL,
  `nkbs_info` text NOT NULL,
  PRIMARY KEY (`nkbs_id`)
) ENGINE=InnoDB DEFAULT CHARSET=latin1;
/*!40101 SET character_set_client = @saved_cs_client */;

--
-- Dumping data for table `neracakasbanksimkesan`
--

LOCK TABLES `neracakasbanksimkesan` WRITE;
/*!40000 ALTER TABLE `neracakasbanksimkesan` DISABLE KEYS */;
/*!40000 ALTER TABLE `neracakasbanksimkesan` ENABLE KEYS */;
UNLOCK TABLES;

--
-- Table structure for table `neracakewajibanjangkapanjang`
--

DROP TABLE IF EXISTS `neracakewajibanjangkapanjang`;
/*!40101 SET @saved_cs_client     = @@character_set_client */;
/*!40101 SET character_set_client = utf8 */;
CREATE TABLE `neracakewajibanjangkapanjang` (
  `njp_id` int(11) NOT NULL AUTO_INCREMENT,
  `njp_tanggal` datetime NOT NULL,
  `njp_rekeningkoran` float DEFAULT NULL,
  `njp_modalpenyertaan` float DEFAULT NULL,
  `njp_tgl` datetime NOT NULL,
  `njp_flag` tinyint(2) NOT NULL,
  `njp_info` text NOT NULL,
  PRIMARY KEY (`njp_id`)
) ENGINE=InnoDB AUTO_INCREMENT=3 DEFAULT CHARSET=latin1;
/*!40101 SET character_set_client = @saved_cs_client */;

--
-- Dumping data for table `neracakewajibanjangkapanjang`
--

LOCK TABLES `neracakewajibanjangkapanjang` WRITE;
/*!40000 ALTER TABLE `neracakewajibanjangkapanjang` DISABLE KEYS */;
/*!40000 ALTER TABLE `neracakewajibanjangkapanjang` ENABLE KEYS */;
UNLOCK TABLES;

--
-- Table structure for table `pelunasan`
--

DROP TABLE IF EXISTS `pelunasan`;
/*!40101 SET @saved_cs_client     = @@character_set_client */;
/*!40101 SET character_set_client = utf8 */;
CREATE TABLE `pelunasan` (
  `pel_id` int(11) NOT NULL AUTO_INCREMENT,
  `pin_id` varchar(25) NOT NULL COMMENT 'fk dari pinjaman',
  `pel_jenis` tinyint(1) NOT NULL COMMENT '0=dipercepat 1=biasa 2=macet',
  `pel_tenor` tinyint(3) NOT NULL,
  `pel_angsuran` float NOT NULL,
  `pel_bungaangsuran` float NOT NULL,
  `pel_totalkekuranganpokok` float NOT NULL,
  `pel_totalbungapokok` float NOT NULL,
  `pel_bungatambahan` float NOT NULL,
  `pel_biayapenarikan` float DEFAULT NULL,
  `pel_totaldenda` float NOT NULL,
  `pel_tglpelunasan` datetime NOT NULL,
  `pel_tgl` datetime NOT NULL,
  `pel_flag` tinyint(2) NOT NULL,
  `pel_info` text NOT NULL,
  PRIMARY KEY (`pel_id`)
) ENGINE=InnoDB DEFAULT CHARSET=latin1;
/*!40101 SET character_set_client = @saved_cs_client */;

--
-- Dumping data for table `pelunasan`
--

LOCK TABLES `pelunasan` WRITE;
/*!40000 ALTER TABLE `pelunasan` DISABLE KEYS */;
/*!40000 ALTER TABLE `pelunasan` ENABLE KEYS */;
UNLOCK TABLES;

--
-- Table structure for table `penarikaninvestasiberjangka`
--

DROP TABLE IF EXISTS `penarikaninvestasiberjangka`;
/*!40101 SET @saved_cs_client     = @@character_set_client */;
/*!40101 SET character_set_client = utf8 */;
CREATE TABLE `penarikaninvestasiberjangka` (
  `pib_id` int(10) NOT NULL AUTO_INCREMENT,
  `ivb_kode` varchar(25) NOT NULL COMMENT 'fk dari investasiberjangka',
  `pib_penarikanke` tinyint(3) NOT NULL,
  `pib_jmlkeuntungan` float NOT NULL,
  `pib_jmlditerima` float NOT NULL,
  `pib_tgl` datetime NOT NULL,
  `pib_flag` tinyint(2) NOT NULL,
  `pib_info` text NOT NULL,
  PRIMARY KEY (`pib_id`)
) ENGINE=InnoDB AUTO_INCREMENT=10 DEFAULT CHARSET=latin1;
/*!40101 SET character_set_client = @saved_cs_client */;

--
-- Dumping data for table `penarikaninvestasiberjangka`
--

LOCK TABLES `penarikaninvestasiberjangka` WRITE;
/*!40000 ALTER TABLE `penarikaninvestasiberjangka` DISABLE KEYS */;
/*!40000 ALTER TABLE `penarikaninvestasiberjangka` ENABLE KEYS */;
UNLOCK TABLES;

--
-- Table structure for table `penarikansimkesan`
--

DROP TABLE IF EXISTS `penarikansimkesan`;
/*!40101 SET @saved_cs_client     = @@character_set_client */;
/*!40101 SET character_set_client = utf8 */;
CREATE TABLE `penarikansimkesan` (
  `pns_id` int(11) NOT NULL AUTO_INCREMENT,
  `sik_kode` varchar(25) NOT NULL COMMENT 'fk dari simkesan',
  `jps_id` int(10) NOT NULL COMMENT 'fk dari jenispenarikansimkesan',
  `pns_tglpenarikan` datetime NOT NULL,
  `pns_totalsetor` float NOT NULL,
  `pns_jmlsimkesan` float NOT NULL,
  `pns_administrasi` float NOT NULL,
  `pns_jmlpenarikan` float NOT NULL,
  `pns_catatan` text NOT NULL,
  `pns_tgl` datetime NOT NULL,
  `pns_flag` tinyint(2) NOT NULL,
  `pns_info` text NOT NULL,
  PRIMARY KEY (`pns_id`)
) ENGINE=InnoDB DEFAULT CHARSET=latin1;
/*!40101 SET character_set_client = @saved_cs_client */;

--
-- Dumping data for table `penarikansimkesan`
--

LOCK TABLES `penarikansimkesan` WRITE;
/*!40000 ALTER TABLE `penarikansimkesan` DISABLE KEYS */;
/*!40000 ALTER TABLE `penarikansimkesan` ENABLE KEYS */;
UNLOCK TABLES;

--
-- Table structure for table `penarikansimpanan`
--

DROP TABLE IF EXISTS `penarikansimpanan`;
/*!40101 SET @saved_cs_client     = @@character_set_client */;
/*!40101 SET character_set_client = utf8 */;
CREATE TABLE `penarikansimpanan` (
  `pes_id` int(11) NOT NULL AUTO_INCREMENT,
  `sim_kode` varchar(25) NOT NULL COMMENT 'fk dari simpanan',
  `pes_tglpenarikan` datetime NOT NULL,
  `pes_saldopokok` float NOT NULL,
  `pes_bunga` float NOT NULL,
  `pes_jumlah` float NOT NULL,
  `pes_phbuku` float NOT NULL,
  `pes_administrasi` float NOT NULL,
  `pes_jmltarik` float NOT NULL,
  `pes_tgl` datetime NOT NULL,
  `pes_flag` tinyint(2) NOT NULL,
  `pes_info` text NOT NULL,
  PRIMARY KEY (`pes_id`)
) ENGINE=InnoDB AUTO_INCREMENT=3 DEFAULT CHARSET=latin1;
/*!40101 SET character_set_client = @saved_cs_client */;

--
-- Dumping data for table `penarikansimpanan`
--

LOCK TABLES `penarikansimpanan` WRITE;
/*!40000 ALTER TABLE `penarikansimpanan` DISABLE KEYS */;
/*!40000 ALTER TABLE `penarikansimpanan` ENABLE KEYS */;
UNLOCK TABLES;

--
-- Table structure for table `penarikansimpananwajib`
--

DROP TABLE IF EXISTS `penarikansimpananwajib`;
/*!40101 SET @saved_cs_client     = @@character_set_client */;
/*!40101 SET character_set_client = utf8 */;
CREATE TABLE `penarikansimpananwajib` (
  `psw_id` int(11) NOT NULL AUTO_INCREMENT,
  `siw_id` int(11) NOT NULL,
  `psw_tglpenarikan` datetime NOT NULL,
  `psw_jumlah` float NOT NULL,
  `psw_tgl` datetime NOT NULL,
  `psw_flag` tinyint(2) NOT NULL,
  `psw_info` text NOT NULL,
  PRIMARY KEY (`psw_id`)
) ENGINE=InnoDB DEFAULT CHARSET=latin1;
/*!40101 SET character_set_client = @saved_cs_client */;

--
-- Dumping data for table `penarikansimpananwajib`
--

LOCK TABLES `penarikansimpananwajib` WRITE;
/*!40000 ALTER TABLE `penarikansimpananwajib` DISABLE KEYS */;
/*!40000 ALTER TABLE `penarikansimpananwajib` ENABLE KEYS */;
UNLOCK TABLES;

--
-- Table structure for table `penjamin`
--

DROP TABLE IF EXISTS `penjamin`;
/*!40101 SET @saved_cs_client     = @@character_set_client */;
/*!40101 SET character_set_client = utf8 */;
CREATE TABLE `penjamin` (
  `pen_id` int(11) NOT NULL AUTO_INCREMENT,
  `pin_id` varchar(25) NOT NULL COMMENT 'fk dari pinjaman',
  `pen_noktp` varchar(30) NOT NULL,
  `pen_nama` varchar(50) NOT NULL,
  `pen_hubungan` varchar(30) DEFAULT NULL,
  `pen_alamat` text NOT NULL,
  `pen_nohp` varchar(15) NOT NULL,
  `pen_tgl` datetime NOT NULL,
  `pen_flag` tinyint(2) NOT NULL,
  `pen_info` text NOT NULL,
  PRIMARY KEY (`pen_id`)
) ENGINE=InnoDB AUTO_INCREMENT=54 DEFAULT CHARSET=latin1;
/*!40101 SET character_set_client = @saved_cs_client */;

--
-- Dumping data for table `penjamin`
--

LOCK TABLES `penjamin` WRITE;
/*!40000 ALTER TABLE `penjamin` DISABLE KEYS */;
INSERT INTO `penjamin` VALUES (29,'KE030919001','3323092903570001','Sakirman','Suami','Dsn Gandu Kulon 1/2 Gondang Winangun Ngadirejo','081225708175','2019-09-03 12:10:47',0,''),(30,'KE040919001','3323074107840011','Isti Wilujeng','Istri','Dsn Bandung 3/6 Bandunggede Kedu','081327035655','2019-09-04 14:09:54',0,''),(33,'KE060919001','3323021210850002','Afifudin','Suami','Dsn Muncar Lor 5/2 Muncar Gemawang','085729025956','2019-09-06 06:18:21',0,''),(34,'KE050919001','3305106508850002','Sri Susanti','Istri','Lotermas 1/5 Tepusen Kaloran','083840450006','2019-09-05 06:33:20',0,''),(35,'KE050919002','3307084405810002','Fadliyaturrokhmah','Istri','Kapencar 5/6 Kapencar Kertek','085228612500','2019-09-05 09:45:19',0,''),(36,'KE050919003','3323074106800002','Juwarni','Istri','Letih 5/7 Mergowati Kedu','085742236981','2019-09-05 10:47:15',0,''),(37,'KE060919002','333333323','Wahyudi','Diri sendiri','PURI KENCANA 2.3 02/05 MANDING','081328710014','2019-09-06 13:28:16',0,''),(38,'KE090919001','3323205306850002','Sri Yatmini','Istri','Banaran 7/2 Banaran Gemawang','082312983112','2019-09-09 08:54:39',0,''),(39,'KE120919001','3323204109560001','Siti','Orang Tua','Dsn Lempong 2/3 Kemiriombo Gemawang','081328874540','2019-09-12 11:35:55',0,''),(40,'KE120919002','3323076111770002','Nur Asmanah','Istri','Dsn Gamelan 1/1 Karangtejo Kedu','081393972272','2019-09-12 11:46:09',0,''),(41,'KE120919003','3323054105850001','ETTY CATUR WULANDARI','ISTRI','TEPUSEN 3/1 TEPUSEN KALORAN TEMANGGUNG','081227782693','2019-09-12 13:52:17',0,''),(42,'KE120919004','3372026611850003','WATINI','ISTRI','BIRON 1/1 BANARAN GEMAWANG','085656231206','2019-09-12 13:57:18',0,''),(43,'KE120919005','3323201709860001','FADLOLIN','SUAMI','DSN KAYUTAHUN 4/2 BANARAN GEMAWANG','085642558011','2019-09-12 14:04:37',0,''),(44,'KE120919006','3323104109850002','SARWATI','ISTRI','DSN GIONDANG DIWEK 2/6 KETITANG JUMO','085292255646','2019-09-12 14:09:10',0,''),(45,'KE120919007','3323106008770003','ERIYANTI','ISTRI','DSN KRAJAN WETAN 4/1 GIYONO JUMO','082371411862','2019-09-12 14:15:21',0,''),(46,'KE120919008','3323066105770001','KOSIYAH','ISTRI','DSN TERMAS 4/2 KANDANGAN','082323266147','2019-09-12 14:20:39',0,''),(47,'KE130919001','330708681280004','Sutrimah','Istri','Sontonayan 5/3 Kapencar Kertek','085866074783','2019-09-13 08:10:32',0,''),(48,'KE130919002','3323126405730003','Kartiyah','Istri','Dsn Gondang 4/4 Candiroto Candiroto','085740677670','2019-09-13 06:26:33',0,''),(49,'KE130919003','3323','Heni Purwanti','Diri Sendiri','Dsn Banjarsari 3/1 Kebumen Pringsurat','085868980337','2019-09-13 06:48:05',0,''),(50,'KE140919001','3323204710920001','Sriyatun','Istri','Muncar Krajan  8/10 Muncar Gemawang','081548441901','2019-09-14 08:24:57',0,''),(51,'KE180919001','757576','gjdgjdg','keluarga','temanggung','0856456456','2019-09-18 03:44:14',0,''),(52,'KE180919002','0896786868688','sfghsfg','keluarga','temanggung','08967676767','2019-09-18 03:53:20',0,''),(53,'KE180919003','56456456','joko','keluarga','fhghdgh','078786868','2019-09-18 18:31:51',0,'');
/*!40000 ALTER TABLE `penjamin` ENABLE KEYS */;
UNLOCK TABLES;

--
-- Table structure for table `phu`
--

DROP TABLE IF EXISTS `phu`;
/*!40101 SET @saved_cs_client     = @@character_set_client */;
/*!40101 SET character_set_client = utf8 */;
CREATE TABLE `phu` (
  `phu_id` int(11) NOT NULL AUTO_INCREMENT,
  `phu_gaji` float NOT NULL,
  `phu_operasional` float NOT NULL,
  `phu_lps` float NOT NULL,
  `phu_komunikasi` float NOT NULL,
  `phu_perlengkapan` float NOT NULL,
  `phu_penyusutan` float NOT NULL,
  `phu_asuransi` float NOT NULL,
  `phu_insentif` float NOT NULL,
  `phu_pajakkendaraan` float NOT NULL,
  `phu_rapat` float NOT NULL,
  `phu_atk` float NOT NULL,
  `phu_keamanan` float NOT NULL,
  `phu_phpinjaman` float NOT NULL,
  `phu_sosial` float NOT NULL,
  `phu_tayakuran` float NOT NULL,
  `phu_koran` float NOT NULL,
  `phu_pajakkoprasi` float NOT NULL,
  `phu_servicekendaraan` float NOT NULL,
  `phu_konsumsi` float NOT NULL,
  `phu_rat` float NOT NULL,
  `phu_thr` float NOT NULL,
  `phu_nonoprasional` float NOT NULL,
  `phu_perawatankantor` float NOT NULL,
  `phu_keterangan` text DEFAULT NULL,
  `phu_tanggal` datetime NOT NULL,
  `phu_tgl` datetime NOT NULL,
  `phu_info` text NOT NULL,
  `phu_flag` tinyint(2) NOT NULL,
  PRIMARY KEY (`phu_id`)
) ENGINE=InnoDB AUTO_INCREMENT=2 DEFAULT CHARSET=latin1;
/*!40101 SET character_set_client = @saved_cs_client */;

--
-- Dumping data for table `phu`
--

LOCK TABLES `phu` WRITE;
/*!40000 ALTER TABLE `phu` DISABLE KEYS */;
/*!40000 ALTER TABLE `phu` ENABLE KEYS */;
UNLOCK TABLES;

--
-- Table structure for table `phu_sistem`
--

DROP TABLE IF EXISTS `phu_sistem`;
/*!40101 SET @saved_cs_client     = @@character_set_client */;
/*!40101 SET character_set_client = utf8 */;
CREATE TABLE `phu_sistem` (
  `psis_id` varchar(20) NOT NULL,
  `psis_jasapinjaman` float NOT NULL,
  `psis_adminpin` float NOT NULL,
  `psis_pinalti` float NOT NULL,
  `psis_adminsim` float NOT NULL,
  `psis_phbuku` float NOT NULL,
  `psis_lainlain` float DEFAULT NULL,
  `psis_pengeluaran` float NOT NULL,
  `psis_pendapatan` float NOT NULL,
  `psis_tgl` datetime NOT NULL,
  `psis_flag` tinyint(2) NOT NULL,
  `psis_info` text NOT NULL,
  PRIMARY KEY (`psis_id`)
) ENGINE=InnoDB DEFAULT CHARSET=latin1;
/*!40101 SET character_set_client = @saved_cs_client */;

--
-- Dumping data for table `phu_sistem`
--

LOCK TABLES `phu_sistem` WRITE;
/*!40000 ALTER TABLE `phu_sistem` DISABLE KEYS */;
INSERT INTO `phu_sistem` VALUES ('phu120919001',0,1875000,0,0,0,0,0,1875000,'2019-09-12 11:59:37',0,'');
/*!40000 ALTER TABLE `phu_sistem` ENABLE KEYS */;
UNLOCK TABLES;

--
-- Table structure for table `phusimkesan`
--

DROP TABLE IF EXISTS `phusimkesan`;
/*!40101 SET @saved_cs_client     = @@character_set_client */;
/*!40101 SET character_set_client = utf8 */;
CREATE TABLE `phusimkesan` (
  `phus_id` int(11) NOT NULL AUTO_INCREMENT,
  `phus_insentif` float NOT NULL,
  `phus_gaji` float NOT NULL,
  `phus_promosi` float DEFAULT NULL,
  `phus_lainlain` float DEFAULT NULL,
  `phus_tgl` datetime NOT NULL,
  `phus_flag` tinyint(4) NOT NULL,
  `phus_info` text NOT NULL,
  PRIMARY KEY (`phus_id`)
) ENGINE=InnoDB DEFAULT CHARSET=latin1;
/*!40101 SET character_set_client = @saved_cs_client */;

--
-- Dumping data for table `phusimkesan`
--

LOCK TABLES `phusimkesan` WRITE;
/*!40000 ALTER TABLE `phusimkesan` DISABLE KEYS */;
/*!40000 ALTER TABLE `phusimkesan` ENABLE KEYS */;
UNLOCK TABLES;

--
-- Table structure for table `phusimkesanpendapatan`
--

DROP TABLE IF EXISTS `phusimkesanpendapatan`;
/*!40101 SET @saved_cs_client     = @@character_set_client */;
/*!40101 SET character_set_client = utf8 */;
CREATE TABLE `phusimkesanpendapatan` (
  `phsp_id` int(11) NOT NULL AUTO_INCREMENT,
  `phsp_klaim` float NOT NULL,
  `phsp_tarik` float NOT NULL,
  `phsp_gugur` float NOT NULL,
  `phsp_administrasi` float NOT NULL,
  `phsp_lainlain` float DEFAULT NULL,
  `phsp_tgl` datetime NOT NULL,
  `phsp_flag` tinyint(4) NOT NULL,
  `phsp_info` text NOT NULL,
  PRIMARY KEY (`phsp_id`)
) ENGINE=InnoDB DEFAULT CHARSET=latin1;
/*!40101 SET character_set_client = @saved_cs_client */;

--
-- Dumping data for table `phusimkesanpendapatan`
--

LOCK TABLES `phusimkesanpendapatan` WRITE;
/*!40000 ALTER TABLE `phusimkesanpendapatan` DISABLE KEYS */;
/*!40000 ALTER TABLE `phusimkesanpendapatan` ENABLE KEYS */;
UNLOCK TABLES;

--
-- Table structure for table `pinjaman`
--

DROP TABLE IF EXISTS `pinjaman`;
/*!40101 SET @saved_cs_client     = @@character_set_client */;
/*!40101 SET character_set_client = utf8 */;
CREATE TABLE `pinjaman` (
  `pin_id` varchar(25) NOT NULL,
  `ang_no` varchar(25) NOT NULL COMMENT 'fk dari anggota',
  `sea_id` int(10) NOT NULL COMMENT 'fk dari settingangsuran',
  `bup_id` int(10) NOT NULL COMMENT 'fk dari bungapinjaman',
  `pop_id` int(10) NOT NULL COMMENT 'fk dari potonganprovisi',
  `wil_kode` varchar(10) NOT NULL COMMENT 'fk dari wilayah',
  `skp_id` int(10) DEFAULT NULL COMMENT 'fk dari settingkategoripeminjam',
  `pin_pengajuan` float DEFAULT NULL,
  `pin_pinjaman` float DEFAULT NULL,
  `pin_tglpengajuan` datetime NOT NULL,
  `pin_tglpencairan` datetime DEFAULT NULL,
  `pin_marketing` varchar(20) DEFAULT NULL,
  `pin_surveyor` varchar(20) DEFAULT NULL,
  `pin_survey` text DEFAULT NULL,
  `pin_statuspinjaman` varchar(20) DEFAULT NULL,
  `pin_tgl` datetime DEFAULT NULL,
  `pin_flag` tinyint(2) NOT NULL,
  `pin_info` text NOT NULL,
  PRIMARY KEY (`pin_id`)
) ENGINE=InnoDB DEFAULT CHARSET=latin1;
/*!40101 SET character_set_client = @saved_cs_client */;

--
-- Dumping data for table `pinjaman`
--

LOCK TABLES `pinjaman` WRITE;
/*!40000 ALTER TABLE `pinjaman` DISABLE KEYS */;
INSERT INTO `pinjaman` VALUES ('KE030919001','K020919001',5,1,2,'11',1,6000000,6000000,'2019-08-30 00:00:00','2019-09-02 00:00:00','1211134','0116021','1567493377.JPG','1','2019-09-03 12:10:47',0,''),('KE040919001','K030919019',5,1,2,'10',1,12000000,11000000,'2019-09-02 00:00:00','2019-09-03 00:00:00','1211134','0116021','1567664766.JPG','1','2019-09-04 14:09:54',0,''),('KE050919001','K060919047',7,1,2,'10',1,6000000,1500000,'2019-09-02 00:00:00','2019-09-03 00:00:00','0806071','503094','1567645485.JPG','1','2019-09-05 06:33:20',0,''),('KE050919002','K050919072',5,1,2,'11',1,2000000,1500000,'2019-08-14 00:00:00','2019-09-06 00:00:00','0806071','503094','1567656994.JPG','1','2019-09-05 09:45:19',0,''),('KE050919003','K050919074',7,1,2,'10',1,2000000,2000000,'2019-09-02 00:00:00','2019-09-07 00:00:00','1211134','0116021','1567660700.JPG','1','2019-09-05 10:47:15',0,''),('KE060919001','K050919028',5,1,2,'12',1,5000000,5000000,'2019-08-31 00:00:00','2019-09-03 00:00:00','1610079','503094','1567731081.JPG','1','2019-09-06 06:18:21',0,''),('KE060919002','K060919075',4,2,3,'13',2,1500000,1500000,'2019-09-03 00:00:00','2019-09-03 00:00:00','204098','503094','1567756911.jpg','1','2019-09-06 13:28:16',0,''),('KE090919001','K090919100',7,1,2,'12',1,2000000,2000000,'2019-02-09 00:00:00','2019-09-09 00:00:00','1610079','0116021','1567999627.JPG','1','2019-09-09 08:54:39',0,''),('KE120919001','K120919001',5,1,2,'12',1,9000000,5500000,'2019-09-09 00:00:00','2019-09-11 00:00:00','1211134','503094','1568268411.JPG','1','2019-09-12 11:35:55',0,''),('KE120919002','K120919002',5,1,2,'10',1,3000000,3000000,'2019-09-09 00:00:00','2019-09-12 00:00:00','1610079','0116021','1568268998.JPG','1','2019-09-12 11:46:09',0,''),('KE120919003','04.09.SHM',5,1,2,'10',1,100000000,NULL,'2019-09-03 00:00:00',NULL,'1610079','503094','1568276582.JPG','2','2019-09-12 13:52:17',0,''),('KE120919004','06.09.SHM',5,1,2,'12',1,0,NULL,'2019-09-12 00:00:00',NULL,'1610079','0116021','1568276872.JPG','2','2019-09-12 13:57:18',0,''),('KE120919005','06.09.1.SHM',6,1,2,'12',1,10000000,NULL,'2019-09-03 00:00:00',NULL,'1610079','0116021','1568277311.JPG','2','2019-09-12 14:04:37',0,''),('KE120919006','07.09.BP',5,1,2,'10',1,3000000,NULL,'2019-09-04 00:00:00',NULL,'1211134','0116021','1568277599.JPG','2','2019-09-12 14:09:10',0,''),('KE120919007','09.09.BP',5,1,2,'10',1,20000000,NULL,'2019-09-04 00:00:00',NULL,'1211134','0116021','1568277947.JPG','2','2019-09-12 14:15:21',0,''),('KE120919008','08.09.SHM',5,1,2,'12',1,50000000,NULL,'2019-09-02 00:00:00',NULL,'1610079','503094','1568278256.JPG','2','2019-09-12 14:20:39',0,''),('KE130919001','K130919042',1,1,2,'12',1,5500000,3500000,'2019-09-09 00:00:00','2019-09-13 00:00:00','1610079','0116021','1568342546.JPG','1','2019-09-13 08:10:32',0,''),('KE130919002','K130919050',7,1,2,'11',1,7000000,4000000,'2019-09-09 00:00:00','2019-09-13 00:00:00','1211134','503094','1568336215.JPG','1','2019-09-13 06:26:33',0,''),('KE130919003','K100919029',8,2,3,'13',2,2000000,2000000,'2019-09-10 00:00:00','2019-09-12 00:00:00','0806073','0806073','1568337562.JPG','1','2019-09-13 06:48:05',0,''),('KE140919001','K140919001',7,1,2,'12',1,0,2000000,'2019-09-14 00:00:00','2019-09-14 00:00:00','1610079','503094','1568429764.JPG','1','2019-09-14 08:24:57',0,''),('KE180919001','K130919050',8,2,2,'13',1,6000000,7000000,'2019-09-18 00:00:00','2019-09-18 00:00:00','814009','811083','1568758476.png','1','2019-09-18 03:44:14',0,''),('KE180919002','K140919001',6,1,3,'12',2,10000000,70000000,'2019-09-18 00:00:00','2019-09-18 00:00:00','902145','902145','1568759013.PNG','1','2019-09-18 03:53:20',0,''),('KE180919003','K130919050',7,1,2,'12',1,6000000,9000000,'2019-09-18 00:00:00','2019-09-18 00:00:00','814009','811083','1568811722.png','1','2019-09-18 18:31:51',0,'');
/*!40000 ALTER TABLE `pinjaman` ENABLE KEYS */;
UNLOCK TABLES;

--
-- Table structure for table `plansimkesan`
--

DROP TABLE IF EXISTS `plansimkesan`;
/*!40101 SET @saved_cs_client     = @@character_set_client */;
/*!40101 SET character_set_client = utf8 */;
CREATE TABLE `plansimkesan` (
  `psk_id` int(10) NOT NULL AUTO_INCREMENT,
  `psk_plan` varchar(30) NOT NULL,
  `psk_setoran` float NOT NULL,
  `psk_keterangan` text NOT NULL,
  `psk_tgl` datetime NOT NULL,
  `psk_flag` tinyint(2) NOT NULL,
  `psk_info` text NOT NULL,
  PRIMARY KEY (`psk_id`)
) ENGINE=InnoDB AUTO_INCREMENT=4 DEFAULT CHARSET=latin1;
/*!40101 SET character_set_client = @saved_cs_client */;

--
-- Dumping data for table `plansimkesan`
--

LOCK TABLES `plansimkesan` WRITE;
/*!40000 ALTER TABLE `plansimkesan` DISABLE KEYS */;
INSERT INTO `plansimkesan` VALUES (1,'Plan A',50000,'Plan A','2019-05-08 14:11:42',0,''),(2,'Plan B',100000,'Plan B','2019-05-08 14:47:23',1,''),(3,'Plan C',150000,'Plan C','2019-07-29 09:47:07',0,'');
/*!40000 ALTER TABLE `plansimkesan` ENABLE KEYS */;
UNLOCK TABLES;

--
-- Table structure for table `potonganprovisi`
--

DROP TABLE IF EXISTS `potonganprovisi`;
/*!40101 SET @saved_cs_client     = @@character_set_client */;
/*!40101 SET character_set_client = utf8 */;
CREATE TABLE `potonganprovisi` (
  `pop_id` int(11) NOT NULL AUTO_INCREMENT,
  `pop_potongan` float NOT NULL,
  `pop_tgl` datetime NOT NULL,
  `pop_flag` tinyint(2) NOT NULL,
  `pop_info` text NOT NULL,
  PRIMARY KEY (`pop_id`)
) ENGINE=InnoDB AUTO_INCREMENT=4 DEFAULT CHARSET=latin1;
/*!40101 SET character_set_client = @saved_cs_client */;

--
-- Dumping data for table `potonganprovisi`
--

LOCK TABLES `potonganprovisi` WRITE;
/*!40000 ALTER TABLE `potonganprovisi` DISABLE KEYS */;
INSERT INTO `potonganprovisi` VALUES (2,5,'2019-08-27 13:15:08',0,''),(3,0,'2019-09-06 13:06:30',0,'');
/*!40000 ALTER TABLE `potonganprovisi` ENABLE KEYS */;
UNLOCK TABLES;

--
-- Table structure for table `setoransimkesan`
--

DROP TABLE IF EXISTS `setoransimkesan`;
/*!40101 SET @saved_cs_client     = @@character_set_client */;
/*!40101 SET character_set_client = utf8 */;
CREATE TABLE `setoransimkesan` (
  `ssk_id` int(10) NOT NULL AUTO_INCREMENT,
  `sik_kode` varchar(25) NOT NULL COMMENT 'fk dari simkesan',
  `ssk_tglsetoran` datetime NOT NULL,
  `ssk_tglbayar` datetime NOT NULL,
  `ssk_jmlsetor` float NOT NULL,
  `ssk_status` tinyint(1) NOT NULL,
  `ssk_tgl` datetime NOT NULL,
  `ssk_flag` tinyint(1) NOT NULL,
  `ssk_info` text NOT NULL,
  PRIMARY KEY (`ssk_id`)
) ENGINE=InnoDB AUTO_INCREMENT=31 DEFAULT CHARSET=latin1;
/*!40101 SET character_set_client = @saved_cs_client */;

--
-- Dumping data for table `setoransimkesan`
--

LOCK TABLES `setoransimkesan` WRITE;
/*!40000 ALTER TABLE `setoransimkesan` DISABLE KEYS */;
INSERT INTO `setoransimkesan` VALUES (16,'KC030919002','2019-09-03 13:11:44','2019-09-03 13:11:44',50000,0,'2019-09-03 13:11:44',0,''),(17,'KC040919001','2019-09-04 13:24:53','2019-09-04 13:24:53',50000,0,'2019-09-04 13:24:53',0,''),(18,'KC050919001','2019-09-05 08:09:10','2019-09-05 08:09:10',50000,0,'2019-09-05 08:09:10',0,''),(19,'KC050919002','2019-09-05 08:10:55','2019-09-05 08:10:55',50000,0,'2019-09-05 08:10:55',0,''),(20,'KC060919001','2019-09-06 12:27:42','2019-09-06 12:27:42',50000,0,'2019-09-06 12:27:42',0,''),(21,'KC060919002','2019-09-06 12:29:22','2019-09-06 12:29:22',50000,0,'2019-09-06 12:29:22',0,''),(22,'KC060919003','2019-09-06 12:34:20','2019-09-06 12:34:20',50000,0,'2019-09-06 12:34:20',0,''),(23,'KC060919004','2019-09-06 12:35:44','2019-09-06 12:35:44',50000,0,'2019-09-06 12:35:44',0,''),(24,'KC120919001','2019-09-12 12:23:39','2019-09-12 12:23:39',50000,0,'2019-09-12 12:23:39',0,''),(25,'KC100919001','2019-09-10 12:43:37','2019-09-10 12:43:37',50000,0,'2019-09-10 12:43:37',0,''),(26,'KC100919002','2019-09-10 10:07:29','2019-09-10 10:07:29',50000,0,'2019-09-10 10:07:29',0,''),(27,'KC110919001','2019-09-11 12:16:56','2019-09-11 12:16:56',100000,0,'2019-09-11 12:16:56',0,''),(28,'KC110919002','2019-09-11 12:18:58','2019-09-11 12:18:58',100000,0,'2019-09-11 12:18:58',0,''),(29,'KC120919002','2019-09-12 12:42:25','2019-09-12 12:42:25',50000,0,'2019-09-12 12:42:25',0,''),(30,'KC120919003','2019-09-12 12:44:49','2019-09-12 12:44:49',50000,0,'2019-09-12 12:44:49',0,'');
/*!40000 ALTER TABLE `setoransimkesan` ENABLE KEYS */;
UNLOCK TABLES;

--
-- Table structure for table `setoransimpanan`
--

DROP TABLE IF EXISTS `setoransimpanan`;
/*!40101 SET @saved_cs_client     = @@character_set_client */;
/*!40101 SET character_set_client = utf8 */;
CREATE TABLE `setoransimpanan` (
  `ssi_id` int(11) NOT NULL AUTO_INCREMENT,
  `sim_kode` varchar(25) NOT NULL COMMENT 'fk dari simpanan',
  `ssi_tglsetor` datetime NOT NULL,
  `ssi_jmlsetor` float NOT NULL,
  `ssi_tgl` datetime NOT NULL,
  `ssi_flag` tinyint(2) NOT NULL,
  `ssi_info` text NOT NULL,
  PRIMARY KEY (`ssi_id`)
) ENGINE=InnoDB AUTO_INCREMENT=334 DEFAULT CHARSET=latin1;
/*!40101 SET character_set_client = @saved_cs_client */;

--
-- Dumping data for table `setoransimpanan`
--

LOCK TABLES `setoransimpanan` WRITE;
/*!40000 ALTER TABLE `setoransimpanan` DISABLE KEYS */;
INSERT INTO `setoransimpanan` VALUES (44,'KB020919001','2019-09-02 12:05:51',35000,'2019-09-02 12:05:51',0,''),(45,'KB020919002','2019-09-02 12:21:38',400000,'2019-09-02 12:21:38',0,''),(46,'KB020919003','2019-09-02 12:25:35',400000,'2019-09-02 12:25:35',0,''),(47,'KB020919004','2019-09-02 12:28:50',50000,'2019-09-02 12:28:50',0,''),(48,'KB020919005','2019-09-02 12:33:39',190000,'2019-09-02 12:33:39',0,''),(49,'KB020919006','2019-09-02 12:40:13',20000,'2019-09-02 12:40:13',0,''),(50,'KB020919007','2019-09-02 12:44:40',110000,'2019-09-02 12:44:40',0,''),(51,'KB020919008','2019-09-02 12:48:15',20000,'2019-09-02 12:48:15',0,''),(52,'KB020919009','2019-09-02 13:56:47',100000,'2019-09-02 13:56:47',0,''),(53,'KB020919010','2019-09-02 14:00:56',20000,'2019-09-02 14:00:56',0,''),(54,'KB030919001','2019-09-03 12:24:25',5000,'2019-09-03 12:24:25',0,''),(55,'KB030919002','2019-09-03 12:27:33',10000,'2019-09-03 12:27:33',0,''),(56,'KB030919003','2019-09-03 12:30:01',20000,'2019-09-03 12:30:01',0,''),(57,'KB030919004','2019-09-03 12:46:34',5000,'2019-09-03 12:46:34',0,''),(58,'KB030919005','2019-09-03 12:52:26',200000,'2019-09-03 12:52:26',0,''),(59,'KB030919006','2019-09-03 12:55:09',50000,'2019-09-03 12:55:09',0,''),(60,'KB020919002','2019-09-03 12:57:23',50000,'2019-09-03 12:57:23',0,''),(61,'KB020919003','2019-09-03 12:57:38',50000,'2019-09-03 12:57:38',0,''),(62,'KB030919007','2019-09-03 13:02:36',50000,'2019-09-03 13:02:36',0,''),(63,'KB030919008','2019-09-03 13:04:22',115000,'2019-09-03 13:04:22',0,''),(64,'KB030919009','2019-09-03 13:07:26',200000,'2019-09-03 13:07:26',0,''),(65,'KB030919010','2019-09-03 13:11:59',160000,'2019-09-03 13:11:59',0,''),(66,'KB020919005','2019-09-03 13:21:21',100000,'2019-09-03 13:21:21',0,''),(67,'KB040919001','2019-09-04 14:34:56',20000,'2019-09-05 08:14:55',1,''),(68,'KB040919002','2019-09-04 14:37:20',200000,'2019-09-04 14:37:20',0,''),(69,'KB040919003','2019-09-04 14:42:08',160000,'2019-09-04 14:42:08',0,''),(70,'KB040919004','2019-09-04 14:45:48',570000,'2019-09-04 14:45:48',0,''),(71,'KB020919002','2019-09-04 14:52:16',50000,'2019-09-04 14:52:16',0,''),(72,'KB020919003','2019-09-04 14:52:36',50000,'2019-09-04 14:52:36',0,''),(73,'KB030919005','2019-09-04 14:52:49',100000,'2019-09-04 14:52:49',0,''),(74,'KB030919010','2019-09-04 14:57:46',20000,'2019-09-04 14:57:46',0,''),(75,'KB030919001','2019-09-04 14:58:18',5000,'2019-09-04 14:58:18',0,''),(76,'KB020919004','2019-09-04 14:58:33',20000,'2019-09-04 14:58:33',0,''),(77,'KB040919005','2019-09-04 06:52:12',20000,'2019-09-04 06:52:12',0,''),(78,'KB040919006','2019-09-04 06:56:31',20000,'2019-09-04 06:56:31',0,''),(79,'KB040919007','2019-09-04 06:58:49',10000,'2019-09-04 06:58:49',0,''),(80,'KB030919008','2019-09-04 07:02:19',15000,'2019-09-04 07:02:19',0,''),(81,'KB050919001','2019-09-05 07:37:49',30000,'2019-09-05 07:37:49',0,''),(82,'KB050919002','2019-09-05 07:45:39',50000,'2019-09-05 07:45:39',0,''),(83,'KB050919003','2019-09-05 07:52:44',40000,'2019-09-05 07:52:44',0,''),(84,'KB050919004','2019-09-05 07:59:24',270000,'2019-09-05 07:59:24',0,''),(85,'KB020919002','2019-09-05 08:00:48',100000,'2019-09-05 08:00:48',0,''),(86,'KB020919003','2019-09-05 08:01:18',100000,'2019-09-05 08:01:18',0,''),(87,'KB030919005','2019-09-05 08:01:29',100000,'2019-09-05 08:01:29',0,''),(88,'KB050919005','2019-09-05 08:05:33',90000,'2019-09-05 08:05:33',0,''),(89,'KB050919006','2019-09-05 08:08:43',50000,'2019-09-05 08:08:43',0,''),(90,'KB030919009','2019-09-05 08:09:32',20000,'2019-09-05 08:09:32',0,''),(91,'KB050919007','2019-09-05 08:12:45',2150000,'2019-09-05 08:12:45',0,''),(92,'KB020919010','2019-09-05 08:19:31',20000,'2019-09-05 08:19:31',0,''),(93,'KB030919008','2019-09-05 08:21:06',15000,'2019-09-05 08:21:06',0,''),(94,'KB030919001','2019-09-05 08:24:14',5000,'2019-09-05 08:24:14',0,''),(95,'KB050919008','2019-09-05 08:27:44',90000,'2019-09-05 08:27:44',0,''),(96,'KB050919009','2019-09-05 08:29:46',40000,'2019-09-05 08:29:46',0,''),(97,'KB050919010','2019-09-05 08:31:53',15000,'2019-09-05 08:31:53',0,''),(98,'KB020919010','2019-09-06 12:07:32',10000,'2019-09-06 12:07:32',0,''),(99,'KB020919009','2019-09-06 12:08:11',50000,'2019-09-06 12:08:11',0,''),(100,'KB050919003','2019-09-06 12:10:37',10000,'2019-09-06 12:10:37',0,''),(101,'KB050919004','2019-09-06 12:10:51',100000,'2019-09-06 12:10:51',0,''),(102,'KB030919005','2019-09-06 12:11:07',100000,'2019-09-06 12:11:07',0,''),(103,'KB020919003','2019-09-06 12:11:23',50000,'2019-09-06 12:11:23',0,''),(104,'KB020919002','2019-09-06 12:11:34',50000,'2019-09-06 12:11:34',0,''),(105,'KB050919002','2019-09-06 12:12:57',50000,'2019-09-06 12:12:57',0,''),(106,'KB030919010','2019-09-06 12:13:07',20000,'2019-09-06 12:13:07',0,''),(107,'KB020919005','2019-09-06 12:13:27',50000,'2019-09-06 12:13:27',0,''),(108,'KB030919009','2019-09-06 12:14:18',20000,'2019-09-06 12:14:18',0,''),(109,'KB050919006','2019-09-06 12:14:39',10000,'2019-09-06 12:14:39',0,''),(110,'KB030919001','2019-09-06 12:16:17',5000,'2019-09-06 12:16:17',0,''),(111,'KB050919009','2019-09-06 12:16:29',20000,'2019-09-06 12:16:29',0,''),(112,'KB070919001','2019-09-07 09:23:16',600000,'2019-09-07 09:23:16',0,''),(113,'KB030919009','2019-09-07 09:29:19',20000,'2019-09-07 09:29:19',0,''),(114,'KB070919002','2019-09-07 14:02:55',10000,'2019-09-07 14:02:55',0,''),(115,'KB070919003','2019-09-07 14:06:53',80000,'2019-09-07 14:06:53',0,''),(116,'KB020919001','2019-09-07 14:07:09',20000,'2019-09-07 14:07:09',0,''),(117,'KB070919004','2019-09-07 14:09:32',170000,'2019-09-07 14:09:32',0,''),(118,'KB050919010','2019-09-07 14:11:54',10000,'2019-09-07 14:11:54',0,''),(119,'KB040919001','2019-09-07 14:12:16',40000,'2019-09-07 14:12:16',0,''),(120,'KB070919005','2019-09-07 14:19:15',60000,'2019-09-07 14:19:15',0,''),(121,'KB070919006','2019-09-07 14:21:31',50000,'2019-09-07 14:21:31',0,''),(122,'KB050919004','2019-09-07 14:22:02',100000,'2019-09-07 14:22:02',0,''),(123,'KB020919002','2019-09-07 14:22:18',100000,'2019-09-07 14:22:18',0,''),(124,'KB020919003','2019-09-07 14:22:30',100000,'2019-09-07 14:22:30',0,''),(125,'KB030919005','2019-09-07 14:22:48',100000,'2019-09-07 14:22:48',0,''),(126,'KB070919007','2019-09-07 14:26:31',300000,'2019-09-07 14:26:31',0,''),(127,'KB070919008','2019-09-07 14:37:44',150000,'2019-09-07 14:37:44',0,''),(128,'KB070919009','2019-09-07 14:40:20',20000,'2019-09-07 14:40:20',0,''),(129,'KB050919002','2019-09-07 14:41:43',50000,'2019-09-07 14:41:43',0,''),(130,'KB020919005','2019-09-07 14:42:23',100000,'2019-09-07 14:42:23',0,''),(131,'KB070919010','2019-09-07 14:44:42',30000,'2019-09-07 14:44:42',0,''),(132,'KB050919009','2019-09-07 14:45:13',20000,'2019-09-07 14:45:13',0,''),(133,'KB030919001','2019-09-07 14:45:37',5000,'2019-09-07 14:45:37',0,''),(134,'KB070919011','2019-09-07 14:47:21',90000,'2019-09-07 14:47:21',0,''),(135,'KB070919012','2019-09-07 14:49:07',20000,'2019-09-07 14:49:07',0,''),(136,'KB020919010','2019-09-07 14:49:37',10000,'2019-09-07 14:49:37',0,''),(137,'KB070919013','2019-09-07 14:51:29',25000,'2019-09-07 14:51:29',0,''),(138,'KB070919014','2019-09-07 14:53:04',10000,'2019-09-07 14:53:04',0,''),(139,'KB070919004','2019-09-09 21:05:30',50000,'2019-09-09 21:05:30',0,''),(140,'KB050919010','2019-09-09 21:05:51',10000,'2019-09-09 21:05:51',0,''),(141,'KB040919001','2019-09-09 21:06:13',20000,'2019-09-09 21:06:13',0,''),(142,'KA090919001','2019-09-09 21:18:21',40000,'2019-09-09 21:18:21',0,''),(143,'KA090919002','2019-09-09 21:18:39',50000,'2019-09-09 21:18:39',0,''),(144,'KA090919003','2019-09-09 21:18:56',100000,'2019-09-09 21:18:56',0,''),(145,'KB090919004','2019-09-09 21:23:43',50000,'2019-09-09 21:23:43',0,''),(146,'KB070919002','2019-09-09 21:24:22',10000,'2019-09-09 21:24:22',0,''),(147,'KB070919006','2019-09-09 21:25:06',50000,'2019-09-09 21:25:06',0,''),(148,'KB030919009','2019-09-09 21:25:32',20000,'2019-09-09 21:25:32',0,''),(149,'KB090919005','2019-09-09 21:38:58',70000,'2019-09-09 21:38:58',0,''),(150,'KB090919006','2019-09-09 21:40:10',10000,'2019-09-09 21:40:10',0,''),(151,'KB020919010','2019-09-09 21:41:19',10000,'2019-09-09 21:41:19',0,''),(152,'KB070919014','2019-09-09 21:42:09',20000,'2019-09-09 21:42:09',0,''),(153,'KB020919001','2019-09-09 21:45:35',35000,'2019-09-09 21:45:35',0,''),(154,'KB090919007','2019-09-09 21:47:42',50000,'2019-09-09 21:47:42',0,''),(155,'KB050919009','2019-09-09 21:48:17',20000,'2019-09-09 21:48:17',0,''),(156,'KB070919012','2019-09-09 21:48:36',20000,'2019-09-09 21:48:36',0,''),(157,'KB030919001','2019-09-09 21:48:56',5000,'2019-09-09 21:48:56',0,''),(158,'KB090919009','2019-09-09 21:53:19',10000,'2019-09-09 21:53:19',0,''),(159,'KB090919008','2019-09-09 21:53:35',100000,'2019-09-09 21:53:35',0,''),(160,'KB050919002','2019-09-09 21:56:14',50000,'2019-09-09 21:56:14',0,''),(161,'KB030919010','2019-09-09 21:56:35',20000,'2019-09-09 21:56:35',0,''),(162,'KB090919011','2019-09-09 22:00:17',5000,'2019-09-09 22:00:17',0,''),(163,'KB090919010','2019-09-09 22:00:29',10000,'2019-09-09 22:00:29',0,''),(164,'KB050919004','2019-09-09 22:01:10',100000,'2019-09-09 22:01:10',0,''),(165,'KB020919002','2019-09-09 22:01:32',100000,'2019-09-09 22:01:32',0,''),(166,'KB020919003','2019-09-09 22:01:54',100000,'2019-09-09 22:01:54',0,''),(167,'KB030919005','2019-09-09 22:05:42',100000,'2019-09-09 22:05:42',0,''),(168,'KB030919006','2019-09-09 22:06:13',20000,'2019-09-09 22:06:13',0,''),(169,'KB050919003','2019-09-09 22:06:37',10000,'2019-09-09 22:06:37',0,''),(170,'KB070919008','2019-09-09 22:07:05',50000,'2019-09-09 22:07:05',0,''),(171,'KB090919012','2019-09-09 22:08:42',70000,'2019-09-09 22:08:42',0,''),(172,'KB090919001','2019-09-09 10:12:47',40000,'2019-09-09 10:12:47',0,''),(173,'KB090919002','2019-09-09 10:13:17',50000,'2019-09-09 10:13:17',0,''),(174,'KB090919003','2019-09-09 10:13:33',100000,'2019-09-09 10:13:33',0,''),(175,'KB120919001','2019-09-07 13:15:35',600000,'2019-09-07 13:15:35',0,''),(176,'KB100919001','2019-09-10 13:26:31',10000,'2019-09-10 13:26:31',0,''),(177,'KB030919004','2019-09-10 13:26:46',20000,'2019-09-10 13:26:46',0,''),(178,'KB020919001','2019-09-10 13:26:58',25000,'2019-09-10 13:26:58',0,''),(179,'KB050919002','2019-09-10 13:29:49',20000,'2019-09-10 13:29:49',0,''),(180,'KB050919001','2019-09-10 13:30:00',10000,'2019-09-10 13:30:00',0,''),(181,'KB020919005','2019-09-10 13:30:11',50000,'2019-09-10 13:30:11',0,''),(182,'KB100919002','2019-09-10 13:30:27',100000,'2019-09-10 13:30:27',0,''),(183,'KB070919010','2019-09-10 13:30:56',20000,'2019-09-10 13:30:56',0,''),(184,'KB100919003','2019-09-10 13:34:17',20000,'2019-09-10 13:34:17',0,''),(185,'KB100919004','2019-09-10 13:37:26',20000,'2019-09-10 13:37:26',0,''),(186,'KB020919002','2019-09-10 13:37:43',100000,'2019-09-10 13:37:43',0,''),(187,'KB020919003','2019-09-10 13:38:01',100000,'2019-09-10 13:38:01',0,''),(188,'KB050919004','2019-09-10 13:38:28',100000,'2019-09-10 13:38:28',0,''),(189,'KB090919012','2019-09-10 13:38:45',20000,'2019-09-10 13:38:45',0,''),(190,'KB050919003','2019-09-10 13:39:02',10000,'2019-09-10 13:39:02',0,''),(191,'KB070919008','2019-09-10 13:39:42',50000,'2019-09-10 13:39:42',0,''),(192,'KB100919005','2019-09-10 13:43:23',50000,'2019-09-10 13:43:23',0,''),(193,'KB120919001','2019-09-10 13:43:39',300000,'2019-09-10 13:43:39',0,''),(194,'KB050919005','2019-09-10 13:43:54',50000,'2019-09-10 13:43:54',0,''),(195,'KB030919003','2019-09-10 13:44:10',10000,'2019-09-10 13:44:10',0,''),(196,'KB070919002','2019-09-10 13:49:39',10000,'2019-09-10 13:49:39',0,''),(197,'KB050919006','2019-09-10 13:49:51',10000,'2019-09-10 13:49:51',0,''),(198,'KB070919006','2019-09-10 13:50:08',50000,'2019-09-10 13:50:08',0,''),(199,'KB100919007','2019-09-10 13:50:25',40000,'2019-09-10 13:50:25',0,''),(200,'KB100919006','2019-09-10 13:50:41',30000,'2019-09-10 13:50:41',0,''),(201,'KB030919009','2019-09-10 13:50:56',20000,'2019-09-10 13:50:56',0,''),(202,'KB070919004','2019-09-10 13:55:36',50000,'2019-09-10 13:55:36',0,''),(203,'KB070919005','2019-09-10 13:56:00',40000,'2019-09-10 13:56:00',0,''),(204,'KB040919001','2019-09-10 13:56:16',20000,'2019-09-10 13:56:16',0,''),(205,'KB040919002','2019-09-10 13:56:32',50000,'2019-09-10 13:56:32',0,''),(206,'KB100919009','2019-09-10 13:56:51',10000,'2019-09-10 13:56:51',0,''),(207,'KB100919008','2019-09-10 13:57:05',10000,'2019-09-10 13:57:05',0,''),(208,'KB100919010','2019-09-10 13:59:36',250000,'2019-09-10 13:59:36',0,''),(209,'KB050919009','2019-09-10 13:59:52',20000,'2019-09-10 13:59:52',0,''),(210,'KB070919012','2019-09-10 14:00:06',20000,'2019-09-10 14:00:06',0,''),(211,'KB090919008','2019-09-10 14:00:26',50000,'2019-09-10 14:00:26',0,''),(212,'KB030919008','2019-09-10 14:08:36',25000,'2019-09-10 14:08:36',0,''),(213,'KB100919014','2019-09-10 14:11:32',90000,'2019-09-10 14:11:32',0,''),(214,'KB100919012','2019-09-10 14:11:52',110000,'2019-09-10 14:11:52',0,''),(215,'KB100919013','2019-09-10 14:12:23',60000,'2019-09-10 14:12:23',0,''),(216,'KB020919010','2019-09-10 14:12:34',10000,'2019-09-10 14:12:34',0,''),(217,'KB050919005','2019-09-11 14:16:27',20000,'2019-09-11 14:16:27',0,''),(218,'KB030919003','2019-09-11 14:16:43',10000,'2019-09-11 14:16:43',0,''),(219,'KB020919006','2019-09-11 14:16:59',60000,'2019-09-11 14:16:59',0,''),(220,'KB090919004','2019-09-11 14:17:46',20000,'2019-09-11 14:17:46',0,''),(221,'KB110919001','2019-09-11 14:17:57',40000,'2019-09-11 14:17:57',0,''),(222,'KB050919009','2019-09-11 14:18:20',20000,'2019-09-11 14:18:20',0,''),(223,'KB070919012','2019-09-11 14:18:33',20000,'2019-09-11 14:18:33',0,''),(224,'KB030919001','2019-09-11 14:18:48',5000,'2019-09-11 14:18:48',0,''),(225,'KB100919010','2019-09-11 14:19:03',20000,'2019-09-11 14:19:03',0,''),(226,'KB090919008','2019-09-11 14:19:55',50000,'2019-09-11 14:19:55',0,''),(227,'KB050919002','2019-09-11 14:25:23',40000,'2019-09-11 14:25:23',0,''),(228,'KB050919001','2019-09-11 14:25:32',20000,'2019-09-11 14:25:32',0,''),(229,'KB030919010','2019-09-11 14:25:49',50000,'2019-09-11 14:25:49',0,''),(230,'KB090919010','2019-09-11 14:26:38',5000,'2019-09-11 14:26:38',0,''),(231,'KB110919002','2019-09-11 14:26:50',5000,'2019-09-11 14:26:50',0,''),(232,'KB110919003','2019-09-11 14:27:13',25000,'2019-09-11 14:27:13',0,''),(233,'KB110919004','2019-09-11 00:00:00',40000,'2019-09-11 13:21:00',0,''),(234,'KB110919005','2019-09-11 00:00:00',60000,'2019-09-11 13:22:58',0,''),(235,'KB100919009','2019-09-11 00:00:00',40000,'2019-09-11 13:23:19',0,''),(236,'KB100919008','2019-09-11 00:00:00',20000,'2019-09-11 13:23:34',0,''),(237,'KB040919001','2019-09-11 00:00:00',40000,'2019-09-11 13:23:51',0,''),(238,'KB030919008','2019-09-11 00:00:00',15000,'2019-09-11 13:24:18',0,''),(239,'KB110919006','2019-09-11 00:00:00',20000,'2019-09-11 13:37:56',0,''),(240,'KB110919007','2019-09-11 00:00:00',40000,'2019-09-11 13:38:28',0,''),(241,'KB100919012','2019-09-11 00:00:00',10000,'2019-09-11 13:38:59',0,''),(242,'KB100919014','2019-09-11 00:00:00',10000,'2019-09-11 13:39:15',0,''),(243,'KB110919008','2019-09-11 00:00:00',40000,'2019-09-11 13:39:30',0,''),(244,'KB110919009','2019-09-11 00:00:00',40000,'2019-09-11 13:39:44',0,''),(245,'KB100919013','2019-09-11 00:00:00',10000,'2019-09-11 13:40:03',0,''),(246,'KB020919010','2019-09-11 00:00:00',10000,'2019-09-11 13:40:36',0,''),(247,'KB070919013','2019-09-11 00:00:00',20000,'2019-09-11 13:41:14',0,''),(248,'KB050919004','2019-09-11 00:00:00',100000,'2019-09-11 13:50:03',0,''),(249,'KB110919011','2019-09-11 00:00:00',100000,'2019-09-11 13:50:17',0,''),(250,'KB020919003','2019-09-11 00:00:00',50000,'2019-09-11 13:52:23',0,''),(251,'KB020919002','2019-09-11 00:00:00',50000,'2019-09-11 13:52:42',0,''),(252,'KB030919005','2019-09-11 00:00:00',50000,'2019-09-11 13:53:01',0,''),(253,'KB090919012','2019-09-11 00:00:00',20000,'2019-09-11 13:53:26',0,''),(254,'KB110919010','2019-09-11 00:00:00',60000,'2019-09-11 13:54:19',0,''),(255,'KB050919006','2019-09-11 00:00:00',10000,'2019-09-11 13:59:09',0,''),(256,'KB070919002','2019-09-11 00:00:00',10000,'2019-09-11 13:59:19',0,''),(257,'KB070919006','2019-09-11 00:00:00',50000,'2019-09-11 13:59:29',0,''),(258,'KB030919009','2019-09-11 00:00:00',20000,'2019-09-11 13:59:55',0,''),(259,'KB020919004','2019-09-11 00:00:00',20000,'2019-09-11 14:00:10',0,''),(260,'KB100919006','2019-09-11 00:00:00',90000,'2019-09-11 14:00:45',0,''),(261,'KB110919013','2019-09-11 00:00:00',20000,'2019-09-11 14:01:08',0,''),(262,'KB110919012','2019-09-11 00:00:00',10000,'2019-09-11 14:01:23',0,''),(263,'KB030919004','2019-09-11 00:00:00',20000,'2019-09-11 14:05:48',0,''),(264,'KB090919004','2019-09-11 00:00:00',0,'2019-09-12 08:18:21',1,''),(265,'KB020919001','2019-09-11 00:00:00',25000,'2019-09-11 14:06:11',0,''),(266,'KB110919015','2019-09-11 00:00:00',10000,'2019-09-11 14:06:24',0,''),(267,'KB110919014','2019-09-11 00:00:00',10000,'2019-09-11 14:06:38',0,''),(268,'KB040919003','2019-09-12 00:00:00',120000,'2019-09-12 14:12:15',0,''),(269,'KB050919005','2019-09-12 00:00:00',15000,'2019-09-12 14:12:26',0,''),(270,'KB090919004','2019-09-12 00:00:00',20000,'2019-09-12 14:12:49',0,''),(271,'KB120919002','2019-09-12 00:00:00',100000,'2019-09-12 14:13:05',0,''),(272,'KB030919003','2019-09-12 00:00:00',5000,'2019-09-12 14:13:20',0,''),(273,'KB100919012','2019-09-12 00:00:00',10000,'2019-09-12 14:17:37',0,''),(274,'KB100919014','2019-09-12 00:00:00',10000,'2019-09-12 14:17:53',0,''),(275,'KB040919007','2019-09-12 00:00:00',15000,'2019-09-12 14:18:08',0,''),(276,'KB040919005','2019-09-12 00:00:00',20000,'2019-09-12 14:18:24',0,''),(277,'KB020919010','2019-09-12 00:00:00',10000,'2019-09-12 14:19:15',0,''),(278,'KB070919013','2019-09-12 00:00:00',50000,'2019-09-12 14:19:32',0,''),(279,'KB120919004','2019-09-12 00:00:00',200000,'2019-09-12 14:19:53',0,''),(280,'KB120919003','2019-09-12 00:00:00',40000,'2019-09-12 14:20:16',0,''),(281,'KB050919006','2019-09-12 00:00:00',10000,'2019-09-12 14:24:34',0,''),(282,'KB070919002','2019-09-12 00:00:00',10000,'2019-09-12 14:24:46',0,''),(283,'KB070919006','2019-09-12 00:00:00',50000,'2019-09-12 14:24:55',0,''),(284,'KB020919004','2019-09-12 00:00:00',20000,'2019-09-12 14:25:05',0,''),(285,'KB030919009','2019-09-12 00:00:00',20000,'2019-09-12 14:25:16',0,''),(286,'KB120919006','2019-09-12 00:00:00',20000,'2019-09-12 14:25:27',0,''),(287,'KB120919005','2019-09-12 00:00:00',5000,'2019-09-12 14:25:40',0,''),(288,'KB030919004','2019-09-12 00:00:00',10000,'2019-09-12 14:36:37',0,''),(289,'KB020919001','2019-09-12 00:00:00',25000,'2019-09-12 14:36:56',0,''),(290,'KB120919007','2019-09-12 00:00:00',20000,'2019-09-12 14:37:31',0,''),(291,'KB120919009','2019-09-12 00:00:00',500000,'2019-09-12 14:37:55',0,''),(292,'KB120919008','2019-09-12 00:00:00',50000,'2019-09-12 14:38:10',0,''),(293,'KB030919001','2019-09-12 00:00:00',0,'2019-09-12 08:13:12',1,''),(294,'KB120919010','2019-09-12 00:00:00',70000,'2019-09-12 14:40:46',0,''),(295,'KB110919010','2019-09-12 00:00:00',20000,'2019-09-12 14:41:00',0,''),(296,'KB070919009','2019-09-12 00:00:00',20000,'2019-09-12 14:41:27',0,''),(297,'KB030919006','2019-09-12 00:00:00',20000,'2019-09-12 14:41:36',0,''),(298,'KB050919003','2019-09-12 00:00:00',10000,'2019-09-12 14:42:01',0,''),(299,'KB020919002','2019-09-12 00:00:00',100000,'2019-09-12 14:42:11',0,''),(300,'KB020919003','2019-09-12 00:00:00',100000,'2019-09-12 14:42:20',0,''),(301,'KB050919004','2019-09-12 00:00:00',100000,'2019-09-12 14:42:31',0,''),(302,'KB050919002','2019-09-12 00:00:00',110000,'2019-09-12 14:45:11',0,''),(303,'KB050919001','2019-09-12 00:00:00',10000,'2019-09-12 14:45:23',0,''),(304,'KB090919001','2019-09-12 00:00:00',0,'2019-09-12 08:11:11',1,''),(305,'KB020919005','2019-09-12 00:00:00',100000,'2019-09-12 14:46:24',0,''),(306,'KB100919002','2019-09-12 00:00:00',100000,'2019-09-12 14:46:40',0,''),(307,'KB030919010','2019-09-12 00:00:00',5000,'2019-09-12 14:46:50',0,''),(308,'KB120919011','2019-09-12 00:00:00',10000,'2019-09-12 14:47:01',0,''),(309,'KB070919004','2019-09-12 00:00:00',80000,'2019-09-12 14:47:59',0,''),(310,'KB100919009','2019-09-12 00:00:00',10000,'2019-09-12 14:48:12',0,''),(311,'KB110919004','2019-09-12 00:00:00',30000,'2019-09-12 14:48:26',0,''),(312,'KB110919005','2019-09-12 00:00:00',30000,'2019-09-12 14:48:42',0,''),(313,'KB090919002','2019-09-12 00:00:00',30000,'2019-09-12 14:49:20',0,''),(314,'KB020919007','2019-09-12 00:00:00',100000,'2019-09-12 14:49:30',0,''),(315,'KB020919008','2019-09-12 00:00:00',20000,'2019-09-12 14:49:42',0,''),(316,'KB050919009','2019-09-12 00:00:00',20000,'2019-09-12 14:56:04',0,''),(317,'KB070919012','2019-09-12 00:00:00',20000,'2019-09-12 14:56:21',0,''),(318,'KB030919001','2019-09-12 00:00:00',5000,'2019-09-12 14:56:34',0,''),(319,'KB120919013','2019-09-12 00:00:00',50000,'2019-09-12 14:56:50',0,''),(320,'KB090919008','2019-09-12 00:00:00',50000,'2019-09-12 14:57:35',0,''),(321,'KB120919012','2019-09-12 00:00:00',10000,'2019-09-12 14:57:50',0,''),(322,'KB120919014','2019-09-12 00:00:00',10000,'2019-09-12 06:11:55',0,''),(323,'KB120919015','2019-09-12 00:00:00',10000,'2019-09-12 06:14:32',0,''),(324,'KB090919007','2019-09-11 00:00:00',10000,'2019-09-11 07:38:49',0,''),(325,'KB070919009','2019-09-11 00:00:00',20000,'2019-09-11 07:45:31',0,''),(326,'KB050919003','2019-09-11 00:00:00',10000,'2019-09-11 07:46:02',0,''),(327,'KB070919008','2019-09-11 00:00:00',50000,'2019-09-11 07:47:12',0,''),(328,'KB070919014','2019-09-11 00:00:00',20000,'2019-09-11 07:48:18',0,''),(329,'KB110919003','2019-09-12 00:00:00',20000,'2019-09-12 07:58:01',0,''),(330,'KB100919004','2019-09-12 00:00:00',20000,'2019-09-12 07:59:44',0,''),(331,'KB030919008','2019-09-12 00:00:00',15000,'2019-09-12 08:02:36',0,''),(332,'KB070919014','2019-09-12 00:00:00',10000,'2019-09-12 08:03:00',0,''),(333,'KB020919010','2019-09-12 00:00:00',10000,'2019-09-12 08:20:10',0,'');
/*!40000 ALTER TABLE `setoransimpanan` ENABLE KEYS */;
UNLOCK TABLES;

--
-- Table structure for table `setoransimpananwajib`
--

DROP TABLE IF EXISTS `setoransimpananwajib`;
/*!40101 SET @saved_cs_client     = @@character_set_client */;
/*!40101 SET character_set_client = utf8 */;
CREATE TABLE `setoransimpananwajib` (
  `ssw_id` int(11) NOT NULL AUTO_INCREMENT,
  `siw_id` int(11) NOT NULL COMMENT 'fk simpanan wajib',
  `ssw_tglsetor` date NOT NULL,
  `ssw_jmlsetor` float NOT NULL,
  `ssw_tgl` datetime NOT NULL,
  `ssw_flag` tinyint(2) NOT NULL,
  `ssw_info` text NOT NULL,
  PRIMARY KEY (`ssw_id`)
) ENGINE=InnoDB AUTO_INCREMENT=154 DEFAULT CHARSET=latin1;
/*!40101 SET character_set_client = @saved_cs_client */;

--
-- Dumping data for table `setoransimpananwajib`
--

LOCK TABLES `setoransimpananwajib` WRITE;
/*!40000 ALTER TABLE `setoransimpananwajib` DISABLE KEYS */;
INSERT INTO `setoransimpananwajib` VALUES (35,53,'2019-09-02',20000,'2019-09-02 13:59:56',0,''),(36,62,'2019-09-02',20000,'2019-09-02 13:07:46',0,''),(37,98,'2019-09-04',20000,'2019-09-04 14:44:34',0,''),(38,103,'2019-09-04',20000,'2019-09-04 06:50:08',0,''),(39,104,'2019-09-04',20000,'2019-09-04 06:55:11',0,''),(40,105,'2019-09-04',20000,'2019-09-04 06:57:50',0,''),(41,110,'2019-09-05',20000,'2019-09-05 07:50:55',0,''),(42,111,'2019-09-05',20000,'2019-09-05 07:55:26',0,''),(43,113,'2019-09-05',20000,'2019-09-05 08:03:50',0,''),(44,117,'2019-09-05',20000,'2019-09-05 08:11:48',0,''),(45,129,'2019-09-05',240000,'2019-09-05 10:15:15',0,''),(46,131,'2019-09-06',240000,'2019-09-06 12:09:15',0,''),(47,132,'2019-09-06',240000,'2019-09-06 12:15:12',0,''),(48,133,'2019-09-06',240000,'2019-09-06 12:17:38',0,''),(49,134,'2019-09-06',240000,'2019-09-06 12:19:07',0,''),(50,135,'2019-09-06',240000,'2019-09-06 12:20:32',0,''),(51,137,'2019-09-06',240000,'2019-09-06 12:22:08',0,''),(52,138,'2019-09-06',240000,'2019-09-06 12:23:16',0,''),(53,140,'2019-09-06',240000,'2019-09-06 12:24:32',0,''),(54,142,'2019-09-06',240000,'2019-09-06 12:26:28',0,''),(55,143,'2019-09-06',240000,'2019-09-06 12:28:17',0,''),(56,144,'2019-09-06',240000,'2019-09-06 12:29:18',0,''),(57,145,'2019-09-06',40000,'2019-09-06 12:30:58',0,''),(58,146,'2019-09-06',40000,'2019-09-06 12:32:06',0,''),(59,147,'2019-09-06',20000,'2019-09-06 12:33:21',0,''),(60,148,'2019-09-06',160000,'2019-09-06 12:34:34',0,''),(61,149,'2019-09-06',100000,'2019-09-06 12:35:50',0,''),(62,150,'2019-09-06',240000,'2019-09-06 12:36:56',0,''),(63,151,'2019-09-06',240000,'2019-09-06 12:38:12',0,''),(64,152,'2019-09-06',240000,'2019-09-06 12:39:49',0,''),(65,153,'2019-09-06',180000,'2019-09-06 12:40:58',0,''),(66,154,'2019-09-06',240000,'2019-09-06 12:42:06',0,''),(67,155,'2019-09-06',240000,'2019-09-06 12:43:21',0,''),(68,156,'2019-09-06',240000,'2019-09-06 12:44:28',0,''),(69,159,'2019-09-07',20000,'2019-09-07 09:20:15',0,''),(70,59,'2019-09-07',20000,'2019-09-07 09:24:34',0,''),(71,161,'2019-09-07',20000,'2019-09-07 14:05:29',0,''),(72,165,'2019-09-07',240000,'2019-09-07 14:24:30',0,''),(73,166,'2019-09-07',20000,'2019-09-07 14:27:54',0,''),(74,167,'2019-09-07',20000,'2019-09-07 14:39:20',0,''),(75,168,'2019-09-07',20000,'2019-09-07 14:43:20',0,''),(76,175,'2019-09-12',240000,'2019-09-12 12:08:16',0,''),(77,176,'2019-09-12',240000,'2019-09-12 12:09:59',0,''),(78,177,'2019-09-12',240000,'2019-09-12 12:11:06',0,''),(79,178,'2019-09-12',160000,'2019-09-12 12:12:37',0,''),(80,179,'2019-09-12',240000,'2019-09-12 12:13:58',0,''),(81,180,'2019-09-12',40000,'2019-09-12 12:15:14',0,''),(82,181,'2019-09-12',240000,'2019-09-12 12:16:36',0,''),(83,183,'2019-09-12',240000,'2019-09-12 12:21:22',0,''),(84,185,'2019-09-12',100000,'2019-09-12 12:23:59',0,''),(85,186,'2019-09-10',160000,'2019-09-10 12:25:35',0,''),(86,187,'2019-09-10',240000,'2019-09-10 12:26:37',0,''),(87,188,'2019-09-10',240000,'2019-09-10 12:27:45',0,''),(88,189,'2019-09-10',240000,'2019-09-10 12:30:19',0,''),(89,190,'2019-09-10',240000,'2019-09-10 12:31:19',0,''),(90,191,'2019-09-10',240000,'2019-09-10 12:32:28',0,''),(91,192,'2019-09-10',40000,'2019-09-10 12:33:42',0,''),(92,194,'2019-09-10',240000,'2019-09-10 12:37:24',0,''),(93,195,'2019-09-10',240000,'2019-09-10 12:39:09',0,''),(94,196,'2019-09-10',240000,'2019-09-10 12:40:14',0,''),(95,198,'2019-09-10',40000,'2019-09-10 12:41:42',0,''),(96,199,'2019-09-10',240000,'2019-09-10 12:44:01',0,''),(97,200,'2019-09-10',160000,'2019-09-10 12:45:23',0,''),(98,201,'2019-09-10',240000,'2019-09-10 12:46:52',0,''),(99,202,'2019-09-10',240000,'2019-09-10 12:47:54',0,''),(100,203,'2019-09-10',240000,'2019-09-10 12:49:07',0,''),(101,205,'2019-09-12',40000,'2019-09-12 14:17:11',0,''),(102,211,'2019-09-09',20000,'2019-09-09 21:20:43',0,''),(103,212,'2019-09-09',20000,'2019-09-09 21:32:46',0,''),(104,213,'2019-09-09',20000,'2019-09-09 21:33:41',0,''),(105,231,'2019-09-13',240000,'2019-09-13 06:24:30',0,''),(106,232,'2019-09-13',140000,'2019-09-13 06:25:57',0,''),(107,233,'2019-09-13',160000,'2019-09-13 06:27:02',0,''),(108,234,'2019-09-13',240000,'2019-09-13 06:32:41',0,''),(109,235,'2019-09-13',240000,'2019-09-13 06:33:47',0,''),(110,236,'2019-09-13',240000,'2019-09-13 06:38:09',0,''),(111,237,'2019-09-13',200000,'2019-09-13 06:42:08',0,''),(112,238,'2019-09-13',240000,'2019-09-13 06:43:34',0,''),(113,239,'2019-09-13',240000,'2019-09-13 06:45:05',0,''),(114,240,'2019-09-13',100000,'2019-09-13 06:46:03',0,''),(115,241,'2019-09-13',240000,'2019-09-13 06:47:43',0,''),(116,242,'2019-09-13',240000,'2019-09-13 06:51:12',0,''),(117,243,'2019-09-13',240000,'2019-09-13 06:52:50',0,''),(118,244,'2019-09-13',240000,'2019-09-13 06:54:12',0,''),(119,245,'2019-09-13',240000,'2019-09-13 06:55:22',0,''),(120,246,'2019-09-13',240000,'2019-09-13 06:56:34',0,''),(121,247,'2019-09-13',240000,'2019-09-13 06:59:35',0,''),(122,248,'2019-09-13',200000,'2019-09-13 07:00:41',0,''),(123,249,'2019-09-13',40000,'2019-09-13 07:02:28',0,''),(124,250,'2019-09-13',240000,'2019-09-13 07:03:26',0,''),(125,251,'2019-09-13',240000,'2019-09-13 07:04:46',0,''),(126,252,'2019-09-13',40000,'2019-09-13 07:06:06',0,''),(127,253,'2019-09-13',240000,'2019-09-13 07:07:11',0,''),(128,254,'2019-09-13',240000,'2019-09-13 07:09:58',0,''),(129,255,'2019-09-13',240000,'2019-09-13 07:10:56',0,''),(130,256,'2019-09-13',240000,'2019-09-13 07:11:58',0,''),(131,257,'2019-09-13',240000,'2019-09-13 07:16:17',0,''),(132,258,'2019-09-13',240000,'2019-09-13 07:17:41',0,''),(133,259,'2019-09-13',40000,'2019-09-13 07:19:13',0,''),(134,260,'2019-09-13',200000,'2019-09-13 07:20:19',0,''),(135,261,'2019-09-13',180000,'2019-09-13 07:22:19',0,''),(136,262,'2019-09-13',140000,'2019-09-13 07:23:15',0,''),(137,263,'2019-09-13',240000,'2019-09-13 07:24:27',0,''),(138,264,'2019-09-13',240000,'2019-09-13 07:25:55',0,''),(139,265,'2019-09-13',240000,'2019-09-13 07:26:49',0,''),(140,266,'2019-09-13',240000,'2019-09-13 07:28:33',0,''),(141,267,'2019-09-13',240000,'2019-09-13 07:31:17',0,''),(142,268,'2019-09-13',40000,'2019-09-13 07:32:54',0,''),(143,269,'2019-09-13',20000,'2019-09-13 07:34:12',0,''),(144,270,'2019-09-13',180000,'2019-09-13 07:39:01',0,''),(145,271,'2019-09-13',240000,'2019-09-13 07:40:20',0,''),(146,273,'2019-09-10',20000,'2019-09-10 13:33:11',0,''),(147,305,'2019-09-10',20000,'2019-09-10 13:36:10',0,''),(148,315,'2019-09-11',20000,'2019-09-11 14:15:28',0,''),(149,328,'2019-09-11',20000,'2019-09-11 13:50:59',0,''),(150,327,'2019-09-11',20000,'2019-09-11 13:51:18',0,''),(151,327,'2019-09-11',20000,'2019-09-11 13:53:52',0,''),(152,338,'2019-09-12',20000,'2019-09-12 14:27:13',0,''),(153,341,'2019-09-12',20000,'2019-09-12 14:39:39',0,'');
/*!40000 ALTER TABLE `setoransimpananwajib` ENABLE KEYS */;
UNLOCK TABLES;

--
-- Table structure for table `settingangsuran`
--

DROP TABLE IF EXISTS `settingangsuran`;
/*!40101 SET @saved_cs_client     = @@character_set_client */;
/*!40101 SET character_set_client = utf8 */;
CREATE TABLE `settingangsuran` (
  `sea_id` int(11) NOT NULL AUTO_INCREMENT,
  `sea_tenor` tinyint(3) NOT NULL,
  `sea_tgl` datetime NOT NULL,
  `sea_flag` tinyint(2) NOT NULL,
  `sea_info` text NOT NULL,
  PRIMARY KEY (`sea_id`)
) ENGINE=InnoDB AUTO_INCREMENT=9 DEFAULT CHARSET=latin1;
/*!40101 SET character_set_client = @saved_cs_client */;

--
-- Dumping data for table `settingangsuran`
--

LOCK TABLES `settingangsuran` WRITE;
/*!40000 ALTER TABLE `settingangsuran` DISABLE KEYS */;
INSERT INTO `settingangsuran` VALUES (1,1,'2019-05-21 13:38:38',0,''),(2,2,'2019-05-21 13:38:43',0,''),(3,3,'2019-05-21 13:38:47',0,''),(4,6,'2019-05-21 13:38:51',0,''),(5,12,'2019-05-21 13:38:55',0,''),(6,24,'2019-05-21 13:39:29',0,''),(7,10,'2019-07-19 07:59:27',0,''),(8,4,'2019-09-13 06:43:43',0,'');
/*!40000 ALTER TABLE `settingangsuran` ENABLE KEYS */;
UNLOCK TABLES;

--
-- Table structure for table `settingdenda`
--

DROP TABLE IF EXISTS `settingdenda`;
/*!40101 SET @saved_cs_client     = @@character_set_client */;
/*!40101 SET character_set_client = utf8 */;
CREATE TABLE `settingdenda` (
  `sed_id` int(11) NOT NULL AUTO_INCREMENT,
  `sed_hari` tinyint(3) NOT NULL,
  `sed_denda` float NOT NULL,
  `sed_tgl` datetime NOT NULL,
  `sed_flag` tinyint(2) NOT NULL,
  `sed_info` text NOT NULL,
  PRIMARY KEY (`sed_id`)
) ENGINE=InnoDB AUTO_INCREMENT=2 DEFAULT CHARSET=latin1;
/*!40101 SET character_set_client = @saved_cs_client */;

--
-- Dumping data for table `settingdenda`
--

LOCK TABLES `settingdenda` WRITE;
/*!40000 ALTER TABLE `settingdenda` DISABLE KEYS */;
INSERT INTO `settingdenda` VALUES (1,1,0.5,'2019-05-21 14:13:46',0,'');
/*!40000 ALTER TABLE `settingdenda` ENABLE KEYS */;
UNLOCK TABLES;

--
-- Table structure for table `settingkategoripeminjam`
--

DROP TABLE IF EXISTS `settingkategoripeminjam`;
/*!40101 SET @saved_cs_client     = @@character_set_client */;
/*!40101 SET character_set_client = utf8 */;
CREATE TABLE `settingkategoripeminjam` (
  `skp_id` int(11) NOT NULL AUTO_INCREMENT,
  `skp_kategori` varchar(25) NOT NULL,
  `skp_tgl` datetime NOT NULL,
  `skp_flag` tinyint(2) NOT NULL,
  `skp_info` text NOT NULL,
  PRIMARY KEY (`skp_id`)
) ENGINE=InnoDB AUTO_INCREMENT=4 DEFAULT CHARSET=latin1;
/*!40101 SET character_set_client = @saved_cs_client */;

--
-- Dumping data for table `settingkategoripeminjam`
--

LOCK TABLES `settingkategoripeminjam` WRITE;
/*!40000 ALTER TABLE `settingkategoripeminjam` DISABLE KEYS */;
INSERT INTO `settingkategoripeminjam` VALUES (1,'Umum','2019-05-21 13:33:43',1,''),(2,'Karyawan','2019-05-21 13:33:51',1,''),(3,'Khusus','2019-05-21 13:36:45',1,'');
/*!40000 ALTER TABLE `settingkategoripeminjam` ENABLE KEYS */;
UNLOCK TABLES;

--
-- Table structure for table `settingsimpanan`
--

DROP TABLE IF EXISTS `settingsimpanan`;
/*!40101 SET @saved_cs_client     = @@character_set_client */;
/*!40101 SET character_set_client = utf8 */;
CREATE TABLE `settingsimpanan` (
  `ses_id` int(11) NOT NULL AUTO_INCREMENT,
  `ses_nama` varchar(50) NOT NULL,
  `ses_min` float NOT NULL,
  `ses_max` float NOT NULL,
  `ses_tgl` datetime NOT NULL,
  `ses_flag` tinyint(2) NOT NULL,
  `ses_info` text NOT NULL,
  PRIMARY KEY (`ses_id`)
) ENGINE=InnoDB AUTO_INCREMENT=3 DEFAULT CHARSET=latin1;
/*!40101 SET character_set_client = @saved_cs_client */;

--
-- Dumping data for table `settingsimpanan`
--

LOCK TABLES `settingsimpanan` WRITE;
/*!40000 ALTER TABLE `settingsimpanan` DISABLE KEYS */;
INSERT INTO `settingsimpanan` VALUES (1,'Simpanan Wajib',20000,240000,'2019-04-20 05:20:42',1,''),(2,'Simpanan Pokok',10000,10000,'2019-05-26 22:26:40',0,'');
/*!40000 ALTER TABLE `settingsimpanan` ENABLE KEYS */;
UNLOCK TABLES;

--
-- Table structure for table `settingstatuspeminjam`
--

DROP TABLE IF EXISTS `settingstatuspeminjam`;
/*!40101 SET @saved_cs_client     = @@character_set_client */;
/*!40101 SET character_set_client = utf8 */;
CREATE TABLE `settingstatuspeminjam` (
  `ssp_id` int(11) NOT NULL AUTO_INCREMENT,
  `ssp_namastatus` varchar(25) NOT NULL,
  `ssp_tgl` datetime NOT NULL,
  `ssp_flag` tinyint(2) NOT NULL,
  `ssp_info` text NOT NULL,
  PRIMARY KEY (`ssp_id`)
) ENGINE=InnoDB AUTO_INCREMENT=4 DEFAULT CHARSET=latin1;
/*!40101 SET character_set_client = @saved_cs_client */;

--
-- Dumping data for table `settingstatuspeminjam`
--

LOCK TABLES `settingstatuspeminjam` WRITE;
/*!40000 ALTER TABLE `settingstatuspeminjam` DISABLE KEYS */;
INSERT INTO `settingstatuspeminjam` VALUES (1,'Lancar','2019-05-21 13:45:59',0,''),(2,'Agak Macet','2019-05-21 13:46:06',0,''),(3,'Macet','2019-05-21 13:46:10',0,'');
/*!40000 ALTER TABLE `settingstatuspeminjam` ENABLE KEYS */;
UNLOCK TABLES;

--
-- Table structure for table `shu`
--

DROP TABLE IF EXISTS `shu`;
/*!40101 SET @saved_cs_client     = @@character_set_client */;
/*!40101 SET character_set_client = utf8 */;
CREATE TABLE `shu` (
  `shu_id` int(11) NOT NULL AUTO_INCREMENT,
  `shu_pendapatan` float NOT NULL,
  `shu_pengeluaran` float NOT NULL,
  `shu_jumlah` float NOT NULL,
  `shu_tanggal` datetime NOT NULL,
  `shu_tgl` datetime NOT NULL,
  `shu_flag` tinyint(2) NOT NULL,
  `shu_info` text NOT NULL,
  `phu_id` int(11) DEFAULT NULL COMMENT 'fk dari phu',
  `psis_id` varchar(20) DEFAULT NULL COMMENT 'fk dari phu_sistem',
  PRIMARY KEY (`shu_id`)
) ENGINE=InnoDB AUTO_INCREMENT=5 DEFAULT CHARSET=latin1;
/*!40101 SET character_set_client = @saved_cs_client */;

--
-- Dumping data for table `shu`
--

LOCK TABLES `shu` WRITE;
/*!40000 ALTER TABLE `shu` DISABLE KEYS */;
INSERT INTO `shu` VALUES (4,1875000,0,1875000,'2019-09-12 00:00:00','2019-09-12 11:59:37',0,'',NULL,'phu120919001');
/*!40000 ALTER TABLE `shu` ENABLE KEYS */;
UNLOCK TABLES;

--
-- Table structure for table `shusimkesan`
--

DROP TABLE IF EXISTS `shusimkesan`;
/*!40101 SET @saved_cs_client     = @@character_set_client */;
/*!40101 SET character_set_client = utf8 */;
CREATE TABLE `shusimkesan` (
  `shus_id` int(11) NOT NULL AUTO_INCREMENT,
  `shus_pendapatan` float NOT NULL,
  `shus_pengeluaran` float NOT NULL,
  `shus_jumlah` float NOT NULL,
  `shus_tgl` datetime NOT NULL,
  `shus_flag` tinyint(4) NOT NULL,
  `shus_info` text NOT NULL,
  PRIMARY KEY (`shus_id`)
) ENGINE=InnoDB DEFAULT CHARSET=latin1;
/*!40101 SET character_set_client = @saved_cs_client */;

--
-- Dumping data for table `shusimkesan`
--

LOCK TABLES `shusimkesan` WRITE;
/*!40000 ALTER TABLE `shusimkesan` DISABLE KEYS */;
/*!40000 ALTER TABLE `shusimkesan` ENABLE KEYS */;
UNLOCK TABLES;

--
-- Table structure for table `simkesan`
--

DROP TABLE IF EXISTS `simkesan`;
/*!40101 SET @saved_cs_client     = @@character_set_client */;
/*!40101 SET character_set_client = utf8 */;
CREATE TABLE `simkesan` (
  `sik_kode` varchar(25) NOT NULL,
  `ang_no` varchar(25) NOT NULL COMMENT 'fk dari anggota',
  `kar_kode` varchar(10) NOT NULL COMMENT 'fk dari karyawan',
  `psk_id` int(10) NOT NULL COMMENT 'fk dari plansimkesan',
  `wil_kode` varchar(10) NOT NULL COMMENT 'fk dari wilayah',
  `sik_tglpendaftaran` datetime NOT NULL,
  `sik_tglberakhir` datetime DEFAULT NULL,
  `sik_status` tinyint(1) NOT NULL,
  `sik_tgl` datetime NOT NULL,
  `sik_flag` tinyint(2) NOT NULL,
  `sik_info` text NOT NULL,
  PRIMARY KEY (`sik_kode`)
) ENGINE=InnoDB DEFAULT CHARSET=latin1;
/*!40101 SET character_set_client = @saved_cs_client */;

--
-- Dumping data for table `simkesan`
--

LOCK TABLES `simkesan` WRITE;
/*!40000 ALTER TABLE `simkesan` DISABLE KEYS */;
INSERT INTO `simkesan` VALUES ('KC030919001','','2806154',1,'19','2019-09-03 00:00:00',NULL,0,'2019-09-03 12:41:11',2,''),('KC030919002','K030919051','2806154',1,'19','2019-09-03 00:00:00',NULL,0,'2019-09-03 13:11:18',0,''),('KC040919001','K040919052','2806154',1,'19','2019-09-04 00:00:00',NULL,0,'2019-09-04 13:24:41',0,''),('KC050919001','K050919059','2806154',1,'19','2019-09-05 00:00:00',NULL,0,'2019-09-05 08:08:39',0,''),('KC050919002','K050919059','2806154',1,'19','2019-09-05 00:00:00',NULL,0,'2019-09-05 08:10:45',0,''),('KC060919001','K060919080','2806154',1,'19','2019-09-06 00:00:00',NULL,0,'2019-09-06 12:27:24',0,''),('KC060919002','K060919080','2806154',1,'19','2019-09-06 00:00:00',NULL,0,'2019-09-06 12:29:08',0,''),('KC060919003','K060919085','2806154',1,'19','2019-09-06 00:00:00',NULL,0,'2019-09-06 12:34:11',0,''),('KC060919004','K060919083','2806154',1,'19','2019-09-06 00:00:00',NULL,0,'2019-09-06 12:35:36',0,''),('KC100919001','K120919010','2806154',1,'19','2019-09-10 00:00:00','0000-00-00 00:00:00',0,'2019-09-10 12:41:58',2,''),('KC100919002','K100919025','2806154',1,'19','2019-09-10 00:00:00',NULL,0,'2019-09-10 10:07:07',0,''),('KC110919001','K110919001','2806154',2,'19','2019-09-11 00:00:00',NULL,0,'2019-09-11 12:16:36',0,''),('KC110919002','K110919001','2806154',2,'19','2019-09-11 00:00:00',NULL,0,'2019-09-11 12:18:47',0,''),('KC120919001','K120919010','2806154',1,'19','2019-09-12 00:00:00',NULL,0,'2019-09-12 12:23:29',2,''),('KC120919002','K120919016','2806154',1,'19','2019-09-12 00:00:00',NULL,0,'2019-09-12 12:42:02',0,''),('KC120919003','K120919016','2806154',1,'19','2019-09-12 00:00:00',NULL,0,'2019-09-12 12:44:40',0,'');
/*!40000 ALTER TABLE `simkesan` ENABLE KEYS */;
UNLOCK TABLES;

--
-- Table structure for table `simpanan`
--

DROP TABLE IF EXISTS `simpanan`;
/*!40101 SET @saved_cs_client     = @@character_set_client */;
/*!40101 SET character_set_client = utf8 */;
CREATE TABLE `simpanan` (
  `sim_kode` varchar(25) NOT NULL,
  `ang_no` varchar(25) NOT NULL COMMENT 'fk dari anggota',
  `kar_kode` varchar(10) NOT NULL COMMENT 'fk dari karyawan',
  `bus_id` int(11) NOT NULL COMMENT 'fk dari bungasimapanan',
  `jsi_id` int(11) NOT NULL COMMENT 'fk dari jenissimpanan',
  `jse_id` int(11) NOT NULL COMMENT 'fk dari jenissetoran',
  `wil_kode` varchar(10) NOT NULL COMMENT 'fk dari wilayah',
  `sim_tglpendaftaran` datetime NOT NULL,
  `sim_status` varchar(20) DEFAULT NULL,
  `sim_tgl` datetime NOT NULL,
  `sim_flag` tinyint(2) NOT NULL,
  `sim_info` text NOT NULL,
  PRIMARY KEY (`sim_kode`)
) ENGINE=InnoDB DEFAULT CHARSET=latin1;
/*!40101 SET character_set_client = @saved_cs_client */;

--
-- Dumping data for table `simpanan`
--

LOCK TABLES `simpanan` WRITE;
/*!40000 ALTER TABLE `simpanan` DISABLE KEYS */;
INSERT INTO `simpanan` VALUES ('KA100919011','K100919041','1608161',4,1,1,'7','2019-09-10 00:00:00','0','2019-09-10 14:04:21',2,''),('KB020919001','K020919002','1601138',4,2,1,'14','2019-09-02 00:00:00','0','2019-09-02 11:58:24',0,''),('KB020919002','K020919003','2407075',4,2,1,'9','2019-09-02 00:00:00','0','2019-09-02 12:19:05',0,''),('KB020919003','K020919004','2407075',4,2,1,'9','2019-09-02 00:00:00','0','2019-09-02 12:24:58',0,''),('KB020919004','K020919005','404147',4,2,1,'15','2019-09-02 00:00:00','0','2019-09-02 12:28:15',0,''),('KB020919005','K020919006','1307155',4,2,1,'5','2019-09-02 00:00:00','0','2019-09-02 12:32:30',0,''),('KB020919006','K020919007','2806151',4,2,1,'4','2019-09-02 00:00:00','0','2019-09-02 12:39:33',0,''),('KB020919007','K020919008','811083',4,2,1,'8','2019-09-02 00:00:00','0','2019-09-02 12:43:06',0,''),('KB020919008','K020919009','811083',4,2,1,'8','2019-09-02 00:00:00','0','2019-09-02 12:47:47',0,''),('KB020919009','K020919014','1608161',4,2,1,'7','2019-09-02 00:00:00','0','2019-09-02 13:56:30',0,''),('KB020919010','K020919015','1608161',4,2,1,'7','2019-09-02 00:00:00','0','2019-09-02 14:00:24',0,''),('KB030919001','K030919016','811082',4,2,1,'6','2019-09-03 00:00:00','0','2019-09-03 12:23:58',0,''),('KB030919002','K030919017','811083',4,2,1,'8','2019-09-03 00:00:00','0','2019-09-03 12:27:17',0,''),('KB030919003','K030919018','2806151',4,2,1,'4','2019-09-03 00:00:00','0','2019-09-03 12:29:48',0,''),('KB030919004','K030919020','1601138',4,2,1,'14','2019-09-03 00:00:00','0','2019-09-03 12:45:23',0,''),('KB030919005','K030919021','2407075',4,2,1,'9','2019-09-03 00:00:00','0','2019-09-03 12:51:30',0,''),('KB030919006','K030919022','2407075',4,2,1,'9','2019-09-03 00:00:00','0','2019-09-03 12:54:54',0,''),('KB030919007','K030919023','1608161',4,2,1,'7','2019-09-03 00:00:00','0','2019-09-03 13:02:18',0,''),('KB030919008','K030919024','1608161',4,2,1,'7','2019-09-03 00:00:00','0','2019-09-03 13:04:06',0,''),('KB030919009','K030919025','404147',4,2,1,'15','2019-09-03 00:00:00','0','2019-09-03 13:06:59',0,''),('KB030919010','K030919026','1307155',4,2,1,'5','2019-09-03 00:00:00','0','2019-09-03 13:11:21',0,''),('KB040919001','K040919043','811083',4,2,1,'8','2019-09-04 00:00:00','0','2019-09-04 14:34:40',0,''),('KB040919002','K040919044','811083',4,2,1,'8','2019-09-04 00:00:00','0','2019-09-04 14:36:54',0,''),('KB040919003','K040919045','2806151',4,2,1,'4','2019-09-04 00:00:00','0','2019-09-04 14:41:46',0,''),('KB040919004','K040919046','1601138',4,2,1,'14','2019-09-04 00:00:00','0','2019-09-04 14:45:27',0,''),('KB040919005','K040919048','1608161',4,2,1,'7','2019-09-04 00:00:00','0','2019-09-04 06:51:45',0,''),('KB040919006','K040919049','1608161',4,2,1,'7','2019-09-04 00:00:00','0','2019-09-04 06:56:08',0,''),('KB040919007','K040919050','1608161',4,2,1,'7','2019-09-04 00:00:00','0','2019-09-04 06:58:34',0,''),('KB050919001','K050919053','1307155',4,2,1,'5','2019-09-05 00:00:00','0','2019-09-05 07:37:16',0,''),('KB050919002','K050919054','1307155',4,2,1,'5','2019-09-05 00:00:00','0','2019-09-05 07:40:21',0,''),('KB050919003','K050919055','2407075',4,2,1,'9','2019-09-05 00:00:00','0','2019-09-05 07:52:31',0,''),('KB050919004','K050919056','2407075',4,2,1,'9','2019-09-05 00:00:00','0','2019-09-05 07:59:07',0,''),('KB050919005','K050919058','2806151',4,2,1,'4','2019-09-05 00:00:00','0','2019-09-05 08:05:20',0,''),('KB050919006','K050919060','404147',4,2,1,'15','2019-09-05 00:00:00','0','2019-09-05 08:08:28',0,''),('KB050919007','K050919062','404147',4,2,1,'15','2019-09-05 00:00:00','0','2019-09-05 08:12:31',0,''),('KB050919008','K050919065','811082',4,2,1,'6','2019-09-05 00:00:00','0','2019-09-05 08:27:30',0,''),('KB050919009','K050919067','811082',4,2,1,'6','2019-09-05 00:00:00','0','2019-09-05 08:29:23',0,''),('KB050919010','K050919068','811083',4,2,1,'8','2019-09-05 00:00:00','0','2019-09-05 08:31:40',0,''),('KB070919001','','2806151',4,2,1,'4','2019-09-07 00:00:00','0','2019-09-07 09:22:11',2,''),('KB070919002','K070919001','404147',4,2,1,'15','2019-09-07 00:00:00','0','2019-09-07 14:02:30',0,''),('KB070919003','K070919002','1601138',4,2,1,'14','2019-09-07 00:00:00','0','2019-09-07 14:06:34',0,''),('KB070919004','K070919003','811083',4,2,1,'8','2019-09-07 00:00:00','0','2019-09-07 14:09:11',0,''),('KB070919005','K070919004','811083',4,2,1,'8','2019-09-07 00:00:00','0','2019-09-07 14:18:54',0,''),('KB070919006','K070919005','404147',4,2,1,'15','2019-09-07 00:00:00','0','2019-09-07 14:21:15',0,''),('KB070919007','K070919006','2407075',4,2,1,'9','2019-09-07 00:00:00','0','2019-09-07 14:26:14',0,''),('KB070919008','K070919007','2407075',4,2,1,'9','2019-09-07 00:00:00','0','2019-09-07 14:37:21',0,''),('KB070919009','K070919008','2407075',4,2,1,'9','2019-09-07 00:00:00','0','2019-09-07 14:39:58',0,''),('KB070919010','K070919009','1307155',4,2,1,'5','2019-09-07 00:00:00','0','2019-09-07 14:44:12',0,''),('KB070919011','K070919010','811082',4,2,1,'6','2019-09-07 00:00:00','0','2019-09-07 14:47:05',0,''),('KB070919012','K070919011','811082',4,2,1,'6','2019-09-07 00:00:00','0','2019-09-07 14:48:50',0,''),('KB070919013','K070919012','1608161',4,2,1,'7','2019-09-07 00:00:00','0','2019-09-07 14:51:13',0,''),('KB070919014','K070919013','1608161',4,2,1,'7','2019-09-07 00:00:00','0','2019-09-07 14:52:46',0,''),('KB090919001','K090919001','811083',4,2,1,'8','2019-09-09 00:00:00','0','2019-09-09 21:13:01',0,''),('KB090919002','K090919002','811083',4,2,1,'8','2019-09-09 00:00:00','0','2019-09-09 21:13:35',0,''),('KB090919003','K090919003','811083',4,2,1,'8','2019-09-09 00:00:00','0','2019-09-09 21:14:10',0,''),('KB090919004','K090919004','2806151',4,2,1,'4','2019-09-09 00:00:00','0','2019-09-09 21:22:13',0,''),('KB090919005','K090919005','404147',4,2,1,'15','2019-09-09 00:00:00','0','2019-09-09 21:36:28',0,''),('KB090919006','K090919006','404147',4,2,1,'15','2019-09-09 00:00:00','0','2019-09-09 21:37:00',0,''),('KB090919007','K090919007','1601138',4,2,1,'14','2019-09-09 00:00:00','0','2019-09-09 21:46:59',0,''),('KB090919008','K090919008','811082',4,2,1,'6','2019-09-09 00:00:00','0','2019-09-09 21:51:32',0,''),('KB090919009','K090919009','811082',4,2,1,'6','2019-09-09 00:00:00','0','2019-09-09 21:52:04',0,''),('KB090919010','K090919010','1307155',4,2,1,'5','2019-09-09 00:00:00','0','2019-09-09 21:59:14',0,''),('KB090919011','K090919011','1307155',4,2,1,'5','2019-09-09 00:00:00','0','2019-09-09 21:59:53',0,''),('KB090919012','K090919012','2407075',4,2,1,'9','2019-09-09 00:00:00','0','2019-09-09 22:08:21',0,''),('KB100919001','K100919031','1601138',4,2,1,'14','2019-09-10 00:00:00','0','2019-09-10 13:25:37',0,''),('KB100919002','K100919032','1307155',4,2,1,'5','2019-09-10 00:00:00','0','2019-09-10 13:29:29',0,''),('KB100919003','K050919071','2407075',4,2,1,'9','2019-09-10 00:00:00','0','2019-09-10 13:33:52',0,''),('KB100919004','K100919034','2407075',4,2,1,'9','2019-09-10 00:00:00','0','2019-09-10 13:37:04',0,''),('KB100919005','K100919035','2806151',4,2,1,'4','2019-09-10 00:00:00','0','2019-09-10 13:43:07',0,''),('KB100919006','K100919036','404147',4,2,1,'15','2019-09-10 00:00:00','0','2019-09-10 13:48:13',0,''),('KB100919007','K100919037','404147',4,2,1,'15','2019-09-10 00:00:00','0','2019-09-10 13:49:23',0,''),('KB100919008','K100919038','811083',4,2,1,'8','2019-09-10 00:00:00','0','2019-09-10 13:53:22',0,''),('KB100919009','K100919039','811083',4,2,1,'8','2019-09-10 00:00:00','0','2019-09-10 13:55:17',0,''),('KB100919010','K100919040','811082',4,2,1,'6','2019-09-10 00:00:00','0','2019-09-10 13:59:19',0,''),('KB100919012','K100919042','1608161',4,2,1,'7','2019-09-10 00:00:00','0','2019-09-10 14:06:14',0,''),('KB100919013','K100919043','1608161',4,2,1,'7','2019-09-10 00:00:00','0','2019-09-10 14:08:19',0,''),('KB100919014','K100919041','1608161',4,2,1,'7','2019-09-10 00:00:00','0','2019-09-10 14:11:14',0,''),('KB110919001','K110919010','2806151',4,2,1,'4','2019-09-11 00:00:00','0','2019-09-11 14:16:11',0,''),('KB110919002','K110919011','1307155',4,2,1,'5','2019-09-11 00:00:00','0','2019-09-11 14:22:55',0,''),('KB110919003','K110919012','1307155',4,2,1,'5','2019-09-01 00:00:00','0','2019-09-11 14:25:05',0,''),('KB110919004','K110919015','811083',4,2,1,'8','2019-09-11 00:00:00','0','2019-09-11 13:17:47',0,''),('KB110919005','K110919016','811083',4,2,1,'8','2019-09-11 00:00:00','0','2019-09-11 13:22:34',0,''),('KB110919006','K110919017','1608161',4,2,1,'7','2019-09-11 00:00:00','0','2019-09-11 13:28:59',0,''),('KB110919007','K110919018','1608161',4,2,1,'7','2019-09-11 00:00:00','0','2019-09-11 13:32:51',0,''),('KB110919008','K110919019','1608161',4,2,1,'7','2019-09-11 00:00:00','0','2019-09-11 13:36:38',0,''),('KB110919009','K110919019','1608161',4,2,1,'7','2019-09-11 00:00:00','0','2019-09-11 13:37:22',0,''),('KB110919010','K110919020','2407075',4,2,1,'9','2019-09-11 00:00:00','0','2019-09-11 13:47:31',0,''),('KB110919011','K110919021','2407075',4,2,1,'9','2019-09-11 00:00:00','0','2019-09-11 13:49:43',0,''),('KB110919012','K110919022','404147',4,2,1,'15','2019-09-11 00:00:00','0','2019-09-11 13:57:04',0,''),('KB110919013','K110919023','404147',4,2,1,'15','2019-09-11 00:00:00','0','2019-09-11 13:58:52',0,''),('KB110919014','K110919024','1601138',4,2,1,'14','2019-09-11 00:00:00','0','2019-09-11 14:03:24',0,''),('KB110919015','K110919025','1601138',4,2,1,'14','2019-09-11 00:00:00','0','2019-09-11 14:05:26',0,''),('KB120919001','K070919100','2806151',4,2,1,'4','2019-09-12 00:00:00','0','2019-09-12 13:13:38',0,''),('KB120919002','K120919026','2806151',4,2,1,'4','2019-09-12 00:00:00','0','2019-09-12 14:12:00',0,''),('KB120919003','K120919027','1608161',4,2,1,'7','2019-09-12 00:00:00','0','2019-09-12 14:15:35',0,''),('KB120919004','K120919028','1608161',4,2,1,'7','2019-09-12 00:00:00','0','2019-09-12 14:17:10',0,''),('KB120919005','K120919029','404147',4,2,1,'15','2019-09-12 00:00:00','0','2019-09-12 14:22:56',0,''),('KB120919006','K120919030','404147',4,2,1,'15','2019-09-12 00:00:00','0','2019-09-12 14:24:22',0,''),('KB120919007','K120919031','1601138',4,2,1,'14','2019-09-12 00:00:00','0','2019-09-12 14:28:09',0,''),('KB120919008','K120919032','1601138',4,2,1,'14','2019-09-12 00:00:00','0','2019-09-12 14:30:08',0,''),('KB120919009','K120919033','1601138',4,2,1,'14','2019-09-12 00:00:00','0','2019-09-12 14:33:21',0,''),('KB120919010','K120919034','2407075',4,2,1,'9','2019-09-12 00:00:00','0','2019-09-12 14:40:19',0,''),('KB120919011','K120919035','1307155',4,2,1,'5','2019-09-12 00:00:00','0','2019-09-12 14:44:58',0,''),('KB120919012','K120919036','811082',4,2,1,'6','2019-09-12 00:00:00','0','2019-09-12 14:53:21',0,''),('KB120919013','K120919037','811082',4,2,1,'6','2019-09-12 00:00:00','0','2019-09-12 14:55:51',0,''),('KB120919014','K120919038','811083',4,2,1,'8','2019-09-12 00:00:00','0','2019-09-12 06:11:39',0,''),('KB120919015','K120919039','811083',4,2,1,'8','2019-09-12 00:00:00','0','2019-09-12 06:14:02',0,'');
/*!40000 ALTER TABLE `simpanan` ENABLE KEYS */;
UNLOCK TABLES;

--
-- Table structure for table `simpananpokok`
--

DROP TABLE IF EXISTS `simpananpokok`;
/*!40101 SET @saved_cs_client     = @@character_set_client */;
/*!40101 SET character_set_client = utf8 */;
CREATE TABLE `simpananpokok` (
  `sip_id` int(10) NOT NULL AUTO_INCREMENT,
  `ang_no` varchar(25) NOT NULL COMMENT 'fk dari anggota',
  `ses_id` int(11) NOT NULL COMMENT 'fk dari settingsimpanan',
  `sip_setoran` float NOT NULL,
  `sip_tglbayar` datetime NOT NULL,
  `sip_tgl` datetime NOT NULL,
  `sip_flag` tinyint(2) NOT NULL,
  `sip_info` text NOT NULL,
  PRIMARY KEY (`sip_id`)
) ENGINE=InnoDB AUTO_INCREMENT=327 DEFAULT CHARSET=latin1;
/*!40101 SET character_set_client = @saved_cs_client */;

--
-- Dumping data for table `simpananpokok`
--

LOCK TABLES `simpananpokok` WRITE;
/*!40000 ALTER TABLE `simpananpokok` DISABLE KEYS */;
INSERT INTO `simpananpokok` VALUES (33,'K020919001',2,10000,'2019-09-02 00:00:00','2019-09-02 13:59:30',0,''),(34,'K020919002',2,10000,'2019-09-02 00:00:00','2019-09-02 11:55:17',0,''),(35,'K020919003',2,10000,'2019-09-02 00:00:00','2019-09-02 12:18:22',0,''),(36,'K020919004',2,10000,'2019-09-02 00:00:00','2019-09-02 12:24:14',0,''),(37,'K020919005',2,10000,'2019-09-02 00:00:00','2019-09-02 12:27:38',0,''),(38,'K020919006',2,10000,'2019-09-02 00:00:00','2019-09-02 12:31:52',0,''),(39,'K020919007',2,10000,'2019-09-02 00:00:00','2019-09-02 12:38:52',0,''),(40,'K020919008',2,10000,'2019-09-02 00:00:00','2019-09-02 12:41:53',0,''),(41,'K020919009',2,10000,'2019-09-02 00:00:00','2019-09-02 12:46:49',0,''),(42,'K020919010',2,10000,'2019-09-02 00:00:00','2019-09-02 13:05:59',0,''),(43,'K020919011',2,10000,'2019-09-02 00:00:00','2019-09-02 13:23:36',0,''),(44,'K020919012',2,10000,'2019-09-02 00:00:00','2019-09-02 13:33:05',0,''),(45,'K020919013',2,10000,'2019-09-02 00:00:00','2019-09-02 13:44:54',0,''),(46,'K020919014',2,10000,'2019-09-02 00:00:00','2019-09-02 13:55:57',0,''),(47,'K020919015',2,10000,'2019-09-02 00:00:00','2019-09-02 13:59:44',0,''),(48,'K030919016',2,10000,'2019-09-03 00:00:00','2019-09-03 12:20:32',0,''),(49,'K030919017',2,10000,'2019-09-03 00:00:00','2019-09-03 12:26:41',0,''),(50,'K030919018',2,10000,'2019-09-03 00:00:00','2019-09-03 12:29:11',0,''),(51,'K030919019',2,10000,'2019-09-03 00:00:00','2019-09-03 12:42:27',0,''),(52,'K030919020',2,10000,'2019-09-03 00:00:00','2019-09-03 12:44:35',0,''),(53,'K030919021',2,10000,'2019-09-03 00:00:00','2019-09-03 12:50:14',0,''),(54,'K030919022',2,10000,'2019-09-03 00:00:00','2019-09-03 12:54:22',0,''),(55,'K030919023',2,10000,'2019-09-03 00:00:00','2019-09-03 13:01:38',0,''),(56,'K030919024',2,10000,'2019-09-03 00:00:00','2019-09-03 13:03:30',0,''),(57,'K030919025',2,10000,'2019-09-03 00:00:00','2019-09-03 13:06:32',0,''),(58,'K030919026',2,10000,'2019-09-03 00:00:00','2019-09-03 13:10:19',0,''),(59,'K050919027',2,10000,'2019-09-03 00:00:00','2019-09-05 11:30:07',0,''),(60,'K050919028',2,10000,'2019-09-03 00:00:00','2019-09-05 11:34:50',0,''),(61,'K020919029',2,10000,'2019-09-02 00:00:00','2019-09-02 12:56:02',0,''),(62,'K020919030',2,10000,'2019-09-02 00:00:00','2019-09-03 13:01:17',0,''),(63,'K030919031',2,10000,'2019-09-03 00:00:00','2019-09-03 13:05:26',0,''),(64,'K030919032',2,10000,'2019-09-03 00:00:00','2019-09-03 13:08:47',0,''),(65,'K030919033',2,10000,'2019-09-03 00:00:00','2019-09-03 13:12:29',0,''),(66,'K030919034',2,10000,'2019-09-04 00:00:00','2019-09-04 13:15:48',0,''),(67,'K040919035',2,10000,'2019-09-04 00:00:00','2019-09-04 13:18:39',0,''),(68,'K040919036',2,10000,'2019-09-04 00:00:00','2019-09-04 13:20:41',0,''),(69,'K040919037',2,10000,'2019-09-04 00:00:00','2019-09-04 13:24:12',0,''),(70,'K040919038',2,10000,'2019-09-04 00:00:00','2019-09-04 13:26:17',0,''),(71,'K040919039',2,10000,'2019-09-04 00:00:00','2019-09-04 13:29:44',0,''),(72,'K040919040',2,10000,'2019-09-04 00:00:00','2019-09-04 13:34:59',0,''),(73,'K040919041',2,10000,'2019-09-04 00:00:00','2019-09-04 13:40:31',0,''),(74,'K040919042',2,10000,'2019-09-04 00:00:00','2019-09-04 14:11:17',0,''),(75,'K040919043',2,10000,'2019-09-04 00:00:00','2019-09-04 14:33:06',0,''),(76,'K040919044',2,10000,'2019-09-04 00:00:00','2019-09-04 14:35:53',0,''),(77,'K040919045',2,10000,'2019-09-04 00:00:00','2019-09-04 14:40:14',0,''),(78,'K040919046',2,10000,'2019-09-04 00:00:00','2019-09-04 14:44:13',0,''),(79,'K040919041',2,10000,'2019-09-05 00:00:00','2019-09-04 14:45:14',0,''),(80,'K030919032',2,10000,'2019-09-05 00:00:00','2019-09-04 14:47:34',0,''),(81,'K040919038',2,10000,'2019-09-05 00:00:00','2019-09-04 14:51:52',0,''),(82,'K060919047',2,10000,'2019-09-03 00:00:00','2019-09-06 06:26:53',0,''),(83,'K040919048',2,10000,'2019-09-04 00:00:00','2019-09-04 06:49:39',0,''),(84,'K040919049',2,10000,'2019-09-04 00:00:00','2019-09-04 06:54:48',0,''),(85,'K040919050',2,10000,'2019-09-04 00:00:00','2019-09-04 06:57:32',0,''),(86,'K030919051',2,10000,'2019-09-03 00:00:00','2019-09-03 12:37:37',0,''),(87,'K040919052',2,10000,'2019-09-04 00:00:00','2019-09-04 13:22:25',0,''),(88,'K050919053',2,10000,'2019-05-07 00:00:00','2019-09-05 07:35:50',0,''),(89,'K050919054',2,10000,'2019-09-05 00:00:00','2019-09-05 07:39:36',0,''),(90,'K050919055',2,10000,'2019-09-05 00:00:00','2019-09-05 07:50:34',0,''),(91,'K050919056',2,10000,'2019-09-05 00:00:00','2019-09-05 07:55:02',0,''),(92,'K050919057',2,10000,'2019-09-05 00:00:00','2019-09-05 08:00:07',0,''),(93,'K050919058',2,10000,'2019-09-05 00:00:00','2019-09-05 08:03:31',0,''),(94,'K050919059',2,10000,'2019-09-05 00:00:00','2019-09-05 08:05:18',0,''),(95,'K050919060',2,10000,'2019-05-07 00:00:00','2019-09-05 08:07:43',0,''),(96,'K050919061',2,10000,'2019-09-05 00:00:00','2019-09-05 08:10:54',0,''),(97,'K050919062',2,10000,'2019-09-05 00:00:00','2019-09-05 08:11:09',0,''),(98,'K050919063',2,10000,'2019-09-05 00:00:00','2019-09-05 08:20:07',0,''),(99,'K050919064',2,10000,'2019-09-05 00:00:00','2019-09-05 08:23:02',0,''),(100,'K050919065',2,10000,'2019-09-05 00:00:00','2019-09-05 08:26:05',0,''),(101,'K050919066',2,10000,'2019-09-05 00:00:00','2019-09-05 08:26:36',0,''),(102,'K050919067',2,10000,'2019-09-05 00:00:00','2019-09-05 08:28:38',0,''),(103,'K050919068',2,10000,'2019-09-05 00:00:00','2019-09-05 08:30:50',0,''),(104,'K050919069',2,10000,'2019-09-05 00:00:00','2019-09-05 08:32:28',0,''),(105,'K050919069',2,10000,'2019-09-05 00:00:00','2019-09-05 08:33:16',0,''),(106,'K050919070',2,10000,'2019-09-05 00:00:00','2019-09-05 08:37:38',0,''),(107,'K050919071',2,10000,'2019-09-05 00:00:00','2019-09-05 08:41:33',0,''),(108,'K050919072',2,10000,'2019-09-06 00:00:00','2019-09-05 09:41:42',0,''),(109,'K050919073',2,10000,'2019-09-07 00:00:00','2019-09-05 10:14:51',0,''),(110,'K050919074',2,10000,'2019-09-07 00:00:00','2019-09-05 10:33:18',0,''),(111,'K060919075',2,10000,'2019-09-07 00:00:00','2019-09-06 12:08:21',0,''),(112,'K060919076',2,10000,'2019-09-07 00:00:00','2019-09-06 12:14:56',0,''),(113,'K060919077',2,10000,'2019-09-07 00:00:00','2019-09-06 12:17:23',0,''),(114,'K060919078',2,10000,'2019-09-07 00:00:00','2019-09-06 12:18:51',0,''),(115,'K060919079',2,10000,'2019-09-07 00:00:00','2019-09-06 12:20:16',0,''),(116,'K060919080',2,10000,'2019-09-06 00:00:00','2019-09-06 12:20:34',0,''),(117,'K060919081',2,10000,'2019-09-07 00:00:00','2019-09-06 12:21:51',0,''),(118,'K060919082',2,10000,'2019-09-07 00:00:00','2019-09-06 12:23:03',0,''),(119,'K060919083',2,10000,'2019-09-06 00:00:00','2019-09-06 12:23:08',0,''),(120,'K060919084',2,10000,'2019-09-07 00:00:00','2019-09-06 12:24:20',0,''),(121,'K060919085',2,10000,'2019-09-06 00:00:00','2019-09-06 12:25:12',0,''),(122,'K060919086',2,10000,'2019-09-07 00:00:00','2019-09-06 12:26:11',0,''),(123,'K060919087',2,10000,'2019-09-07 00:00:00','2019-09-06 12:27:36',0,''),(124,'K060919088',2,10000,'2019-09-07 00:00:00','2019-09-06 12:29:04',0,''),(125,'K060919089',2,10000,'2019-09-07 00:00:00','2019-09-06 12:30:28',0,''),(126,'K060919090',2,10000,'2019-09-07 00:00:00','2019-09-06 12:31:52',0,''),(127,'K060919091',2,10000,'2019-09-07 00:00:00','2019-09-06 12:33:06',0,''),(128,'K060919092',2,10000,'2019-09-07 00:00:00','2019-09-06 12:34:16',0,''),(129,'K060919093',2,10000,'2019-09-07 00:00:00','2019-09-06 12:35:27',0,''),(130,'K060919094',2,10000,'2019-09-07 00:00:00','2019-09-06 12:36:45',0,''),(131,'K060919095',2,10000,'2019-09-07 00:00:00','2019-09-06 12:37:58',0,''),(132,'K060919096',2,10000,'2019-09-07 00:00:00','2019-09-06 12:39:35',0,''),(133,'K060919097',2,10000,'2019-09-07 00:00:00','2019-09-06 12:40:39',0,''),(134,'K060919098',2,10000,'2019-09-07 00:00:00','2019-09-06 12:41:55',0,''),(135,'K060919099',2,10000,'2019-09-07 00:00:00','2019-09-06 12:43:02',0,''),(136,'K060919100',2,10000,'2019-09-07 00:00:00','2019-09-06 12:44:16',0,''),(137,'K050919100',2,10000,'2019-09-05 00:00:00','2019-09-05 13:41:25',0,''),(138,'K090919100',2,10000,'2019-09-09 00:00:00','2019-09-09 08:51:31',0,''),(139,'K070919100',2,10000,'2019-09-07 00:00:00','2019-09-07 09:19:46',0,''),(140,'K070919001',2,10000,'2019-09-07 00:00:00','2019-09-07 14:01:43',0,''),(141,'K070919002',2,10000,'2019-09-07 00:00:00','2019-09-07 14:05:02',0,''),(142,'K070919003',2,10000,'2019-09-07 00:00:00','2019-09-07 14:08:31',0,''),(143,'K070919004',2,10000,'2019-09-07 00:00:00','2019-09-07 14:18:07',0,''),(144,'K070919005',2,10000,'2019-09-07 00:00:00','2019-09-07 14:20:33',0,''),(145,'K070919006',2,10000,'2019-09-07 00:00:00','2019-09-07 14:24:05',0,''),(146,'K070919007',2,10000,'2019-09-07 00:00:00','2019-09-07 14:27:37',0,''),(147,'K070919008',2,10000,'2019-09-07 00:00:00','2019-09-07 14:38:58',0,''),(148,'K070919009',2,10000,'2019-09-07 00:00:00','2019-09-07 14:43:05',0,''),(149,'K070919010',2,10000,'2019-09-07 00:00:00','2019-09-07 14:46:29',0,''),(150,'K070919011',2,10000,'2019-09-07 00:00:00','2019-09-07 14:48:13',0,''),(151,'K070919012',2,10000,'2019-09-07 00:00:00','2019-09-07 14:50:21',0,''),(152,'K070919013',2,10000,'2019-09-07 00:00:00','2019-09-07 14:52:12',0,''),(153,'K120919001',2,10000,'2019-09-11 00:00:00','2019-09-12 11:32:18',0,''),(154,'K120919002',2,10000,'2019-09-12 00:00:00','2019-09-12 11:41:41',0,''),(155,'K120919003',2,10000,'2019-09-12 00:00:00','2019-09-12 12:07:51',0,''),(156,'K120919004',2,10000,'2019-09-12 00:00:00','2019-09-12 12:09:16',0,''),(157,'K120919005',2,10000,'2019-09-12 00:00:00','2019-09-12 12:10:53',0,''),(158,'K120919006',2,10000,'2019-09-12 00:00:00','2019-09-12 12:12:17',0,''),(159,'K120919007',2,10000,'2019-09-12 00:00:00','2019-09-12 12:13:47',0,''),(160,'K120919008',2,10000,'2019-09-12 00:00:00','2019-09-12 12:14:50',0,''),(161,'K120919009',2,10000,'2019-09-12 00:00:00','2019-09-12 12:16:27',0,''),(162,'K120919010',2,10000,'2019-09-12 00:00:00','2019-09-12 12:20:18',0,''),(163,'K120919011',2,10000,'2019-09-12 00:00:00','2019-09-12 12:21:10',0,''),(164,'K120919012',2,10000,'2019-09-12 00:00:00','2019-09-12 12:22:29',0,''),(165,'K120919013',2,10000,'2019-09-12 00:00:00','2019-09-12 12:23:27',0,''),(166,'K120919014',2,10000,'2019-09-12 00:00:00','2019-09-10 12:24:56',0,''),(167,'K100919015',2,10000,'2019-09-12 00:00:00','2019-09-10 12:26:26',0,''),(168,'K100919016',2,10000,'2019-09-12 00:00:00','2019-09-10 12:27:33',0,''),(169,'K100919017',2,10000,'2019-09-12 00:00:00','2019-09-10 12:30:05',0,''),(170,'K100919018',2,10000,'2019-09-12 00:00:00','2019-09-10 12:31:05',0,''),(171,'K100919019',2,10000,'2019-09-12 00:00:00','2019-09-10 12:32:16',0,''),(172,'K100919020',2,10000,'2019-09-12 00:00:00','2019-09-10 12:33:23',0,''),(173,'K100919021',2,10000,'2019-09-12 00:00:00','2019-09-10 12:34:42',0,''),(174,'K100919022',2,10000,'2019-09-12 00:00:00','2019-09-10 12:37:11',0,''),(175,'K100919023',2,10000,'2019-09-12 00:00:00','2019-09-10 12:38:53',0,''),(176,'K100919024',2,10000,'2019-09-12 00:00:00','2019-09-10 12:40:00',0,''),(177,'K100919025',2,10000,'2019-09-10 00:00:00','2019-09-10 12:40:35',0,''),(178,'K100919026',2,10000,'2019-09-12 00:00:00','2019-09-10 12:41:24',0,''),(179,'K100919027',2,10000,'2019-09-12 00:00:00','2019-09-10 12:43:47',0,''),(180,'K100919028',2,10000,'2019-09-12 00:00:00','2019-09-10 12:45:08',0,''),(181,'K100919029',2,10000,'2019-09-12 00:00:00','2019-09-10 12:46:39',0,''),(182,'K100919030',2,10000,'2019-09-12 00:00:00','2019-09-10 12:47:41',0,''),(183,'K100919001',2,10000,'2019-09-12 00:00:00','2019-09-10 12:48:53',0,''),(184,'K110919001',2,10000,'2019-09-11 00:00:00','2019-09-11 13:13:34',0,''),(185,'K1209190001',2,10000,'2019-09-12 00:00:00','2019-09-12 14:16:54',0,''),(186,'K070919014',2,10000,'2019-09-07 00:00:00','2019-09-07 20:53:41',0,''),(187,'K070919015',2,10000,'2019-09-07 00:00:00','2019-09-07 20:55:18',0,''),(188,'K090919001',2,10000,'2019-09-09 00:00:00','2019-09-09 21:09:38',0,''),(189,'K090919002',2,0,'2019-09-09 00:00:00','2019-09-09 21:10:50',0,''),(190,'K090919003',2,10000,'2019-09-09 00:00:00','2019-09-09 21:11:28',0,''),(191,'K090919004',2,10000,'2019-09-09 00:00:00','2019-09-09 21:20:14',0,''),(192,'K090919005',2,10000,'2019-09-09 00:00:00','2019-09-09 21:32:32',0,''),(193,'K090919006',2,10000,'2019-09-09 00:00:00','2019-09-09 21:33:20',0,''),(194,'K090919007',2,10000,'2019-09-09 00:00:00','2019-09-09 21:46:17',0,''),(195,'K090919008',2,10000,'2019-09-09 00:00:00','2019-09-09 21:49:36',0,''),(196,'K090919009',2,10000,'2019-09-09 00:00:00','2019-09-09 21:49:59',0,''),(197,'K090919010',2,10000,'2019-09-09 00:00:00','2019-09-09 21:57:34',0,''),(198,'K090919011',2,10000,'2019-09-09 00:00:00','2019-09-09 21:58:03',0,''),(199,'K090919012',2,10000,'2019-09-09 00:00:00','2019-09-09 22:07:42',0,''),(200,'K090919013',2,10000,'2019-09-09 00:00:00','2019-09-09 22:11:35',0,''),(201,'K090919014',2,10000,'2019-09-09 00:00:00','2019-09-09 22:13:48',0,''),(202,'K090919015',2,10000,'2019-09-09 00:00:00','2019-09-09 22:16:07',0,''),(203,'K090919016',2,10000,'2019-09-09 00:00:00','2019-09-09 22:17:15',0,''),(204,'K090919017',2,10000,'2019-09-09 00:00:00','2019-09-09 22:19:37',0,''),(205,'K090919018',2,10000,'2019-09-09 00:00:00','2019-09-09 22:21:06',0,''),(206,'K070919016',2,10000,'2019-09-08 00:00:00','2019-09-07 22:40:22',0,''),(207,'K070919017',2,10000,'2019-09-08 00:00:00','2019-09-07 22:41:17',0,''),(208,'K070919018',2,10000,'2019-09-08 00:00:00','2019-09-07 22:42:35',0,''),(209,'K070919019',2,10000,'2019-09-08 00:00:00','2019-09-07 22:43:30',0,''),(210,'K070919020',2,10000,'2019-09-08 00:00:00','2019-09-07 22:44:10',0,''),(211,'K130919001',2,10000,'2019-09-13 00:00:00','2019-09-13 06:24:06',0,''),(212,'K130919002',2,10000,'2019-09-13 00:00:00','2019-09-13 06:25:38',0,''),(213,'K130919003',2,10000,'2019-09-13 00:00:00','2019-09-13 06:26:44',0,''),(214,'K130919004',2,10000,'2019-09-13 00:00:00','2019-09-13 06:32:30',0,''),(215,'K130919005',2,10000,'2019-09-13 00:00:00','2019-09-13 06:33:36',0,''),(216,'K130919006',2,10000,'2019-09-13 00:00:00','2019-09-13 06:37:57',0,''),(217,'K130919007',2,10000,'2019-09-13 00:00:00','2019-09-13 06:41:28',0,''),(218,'K130919008',2,10000,'2019-09-13 00:00:00','2019-09-13 06:43:22',0,''),(219,'K130919009',2,10000,'2019-09-13 00:00:00','2019-09-13 06:44:50',0,''),(220,'K130919010',2,10000,'2019-09-13 00:00:00','2019-09-13 06:45:50',0,''),(221,'K130919011',2,10000,'2019-09-13 00:00:00','2019-09-13 06:47:33',0,''),(222,'K130919012',2,10000,'2019-09-13 00:00:00','2019-09-13 06:51:01',0,''),(223,'K130919013',2,10000,'2019-09-13 00:00:00','2019-09-13 06:52:25',0,''),(224,'K130919014',2,10000,'2019-09-13 00:00:00','2019-09-13 06:53:49',0,''),(225,'K130919015',2,10000,'2019-09-13 00:00:00','2019-09-13 06:55:09',0,''),(226,'K130919016',2,10000,'2019-09-13 00:00:00','2019-09-13 06:56:25',0,''),(227,'K130919017',2,10000,'2019-09-13 00:00:00','2019-09-13 06:59:25',0,''),(228,'K130919018',2,10000,'2019-09-13 00:00:00','2019-09-13 07:00:27',0,''),(229,'K130919019',2,10000,'2019-09-13 00:00:00','2019-09-13 07:01:40',0,''),(230,'K130919020',2,10000,'2019-09-13 00:00:00','2019-09-13 07:03:13',0,''),(231,'K130919021',2,10000,'2019-09-13 00:00:00','2019-09-13 07:04:35',0,''),(232,'K130919022',2,10000,'2019-09-13 00:00:00','2019-09-13 07:05:47',0,''),(233,'K130919023',2,10000,'2019-09-13 00:00:00','2019-09-13 07:07:00',0,''),(234,'K130919024',2,10000,'2019-09-13 00:00:00','2019-09-13 07:09:48',0,''),(235,'K130919025',2,10000,'2019-09-13 00:00:00','2019-09-13 07:10:45',0,''),(236,'K130919026',2,10000,'2019-09-13 00:00:00','2019-09-13 07:11:47',0,''),(237,'K130919027',2,10000,'2019-09-13 00:00:00','2019-09-13 07:15:55',0,''),(238,'K130919028',2,10000,'2019-09-13 00:00:00','2019-09-13 07:17:30',0,''),(239,'K130919029',2,10000,'2019-09-13 00:00:00','2019-09-13 07:18:59',0,''),(240,'K130919030',2,10000,'2019-09-13 00:00:00','2019-09-13 07:20:03',0,''),(241,'K130919031',2,10000,'2019-09-13 00:00:00','2019-09-13 07:22:04',0,''),(242,'K130919032',2,10000,'2019-09-13 00:00:00','2019-09-13 07:23:02',0,''),(243,'K130919033',2,10000,'2019-09-13 00:00:00','2019-09-13 07:24:16',0,''),(244,'K130919034',2,10000,'2019-09-13 00:00:00','2019-09-13 07:25:44',0,''),(245,'K130919035',2,10000,'2019-09-13 00:00:00','2019-09-13 07:26:39',0,''),(246,'K130919036',2,10000,'2019-09-13 00:00:00','2019-09-13 07:28:18',0,''),(247,'K130919037',2,10000,'2019-09-13 00:00:00','2019-09-13 07:31:08',0,''),(248,'K130919038',2,10000,'2019-09-13 00:00:00','2019-09-13 07:32:18',0,''),(249,'K130919039',2,10000,'2019-09-13 00:00:00','2019-09-13 07:34:02',0,''),(250,'K130919040',2,10000,'2019-09-13 00:00:00','2019-09-13 07:38:29',0,''),(251,'K130919041',2,10000,'2019-09-13 00:00:00','2019-09-13 07:39:52',0,''),(252,'K130919042',2,10000,'2019-09-13 00:00:00','2019-09-13 08:07:45',0,''),(253,'K130919043',2,10000,'2019-09-13 00:00:00','2019-09-13 08:09:34',0,''),(254,'K130919044',2,10000,'2019-09-13 00:00:00','2019-09-13 08:16:08',0,''),(255,'K130919045',2,10000,'2019-09-13 00:00:00','2019-09-13 08:22:42',0,''),(256,'K130919046',2,10000,'2019-09-13 00:00:00','2019-09-13 08:23:28',0,''),(257,'K130919047',2,10000,'2019-09-13 00:00:00','2019-09-13 08:25:21',0,''),(258,'K130919045',2,10000,'2019-09-13 00:00:00','2019-09-13 08:26:18',0,''),(259,'K130919044',2,10000,'2019-09-13 00:00:00','2019-09-13 08:26:40',0,''),(260,'K130919043',2,10000,'2019-09-13 00:00:00','2019-09-13 08:27:17',0,''),(261,'K130919048',2,10000,'2019-09-13 00:00:00','2019-09-13 08:36:38',0,''),(262,'K130919049',2,10000,'2019-09-13 00:00:00','2019-09-13 08:37:51',0,''),(263,'K110919002',2,10000,'2019-09-11 00:00:00','2019-09-11 09:08:42',0,''),(264,'K110919003',2,10000,'2019-09-11 00:00:00','2019-09-11 09:29:00',0,''),(265,'K110919004',2,10000,'2019-09-11 00:00:00','2019-09-11 09:35:59',0,''),(266,'K110919005',2,10000,'2019-09-11 00:00:00','2019-09-11 09:37:28',0,''),(267,'K110919006',2,10000,'2019-09-11 00:00:00','2019-09-11 09:38:43',0,''),(268,'K110919007',2,10000,'2019-09-11 00:00:00','2019-09-11 09:39:50',0,''),(269,'K110919008',2,10000,'2019-09-11 00:00:00','2019-09-11 09:47:21',0,''),(270,'K110919009',2,10000,'2019-09-11 00:00:00','2019-09-11 09:49:15',0,''),(271,'K120919015',2,10000,'2019-09-12 00:00:00','2019-09-12 12:39:04',0,''),(272,'K120919016',2,10000,'2019-09-12 00:00:00','2019-09-12 12:40:19',0,''),(273,'K120919017',2,10000,'2019-09-12 00:00:00','2019-09-12 12:41:39',0,''),(274,'K120919018',2,10000,'2019-09-12 00:00:00','2019-09-12 12:42:46',0,''),(275,'K120919019',2,10000,'2019-09-12 00:00:00','2019-09-12 12:45:16',0,''),(276,'K120919020',2,10000,'2019-09-12 00:00:00','2019-09-12 12:47:02',0,''),(277,'K120919021',2,10000,'2019-09-12 00:00:00','2019-09-12 12:57:57',0,''),(278,'K120919022',2,10000,'2019-09-12 00:00:00','2019-09-12 12:58:57',0,''),(279,'K120919023',2,10000,'2019-09-12 00:00:00','2019-09-12 12:59:58',0,''),(280,'K120919024',2,10000,'2019-09-12 00:00:00','2019-09-12 13:02:49',0,''),(281,'K120919025',2,10000,'2019-09-12 00:00:00','2019-09-12 13:04:09',0,''),(282,'K100919031',2,10000,'2019-09-10 00:00:00','2019-09-10 13:24:20',0,''),(283,'K100919032',2,10000,'2019-09-10 00:00:00','2019-09-10 13:28:36',0,''),(284,'K100919033',2,10000,'2019-09-10 00:00:00','2019-09-10 13:32:18',0,''),(285,'K100919034',2,10000,'2019-09-10 00:00:00','2019-09-10 13:35:36',0,''),(286,'K100919035',2,10000,'2019-09-10 00:00:00','2019-09-10 13:42:21',0,''),(287,'K100919036',2,10000,'2019-09-10 00:00:00','2019-09-10 13:47:20',0,''),(288,'K100919037',2,10000,'2019-09-10 00:00:00','2019-09-10 13:48:49',0,''),(289,'K100919038',2,10000,'2019-09-10 00:00:00','2019-09-10 13:52:37',0,''),(290,'K100919039',2,10000,'2019-09-10 00:00:00','2019-09-10 13:54:41',0,''),(291,'K100919040',2,10000,'2019-09-10 00:00:00','2019-09-10 13:58:26',0,''),(292,'K100919041',2,10000,'2019-09-10 00:00:00','2019-09-10 14:03:26',0,''),(293,'K100919042',2,10000,'2019-09-10 00:00:00','2019-09-10 14:05:32',0,''),(294,'K100919043',2,10000,'2019-09-10 00:00:00','2019-09-10 14:07:38',0,''),(295,'K110919010',2,10000,'2019-09-11 00:00:00','2019-09-11 14:15:04',0,''),(296,'K110919011',2,10000,'2019-09-11 00:00:00','2019-09-11 14:21:30',0,''),(297,'K110919012',2,10000,'2019-09-11 00:00:00','2019-09-11 14:24:03',0,''),(298,'K110919013',2,10000,'2019-09-11 00:00:00','2019-09-11 14:28:39',0,''),(299,'K110919014',2,10000,'2019-09-13 00:00:00','2019-09-11 14:37:21',0,''),(300,'K130919050',2,10000,'2019-09-13 00:00:00','2019-09-13 06:22:12',0,''),(301,'K140919001',2,10000,'2019-09-14 00:00:00','2019-09-14 08:16:32',0,''),(302,'K110919015',2,10000,'2019-09-11 00:00:00','2019-09-11 13:14:40',0,''),(303,'K110919016',2,10000,'2019-09-11 00:00:00','2019-09-11 13:21:56',0,''),(304,'K110919017',2,10000,'2019-09-11 00:00:00','2019-09-11 13:28:12',0,''),(305,'K110919018',2,10000,'2019-09-11 00:00:00','2019-09-11 13:30:52',0,''),(306,'K110919019',2,10000,'2019-09-11 00:00:00','2019-09-11 13:35:41',0,''),(307,'K110919020',2,10000,'2019-09-11 00:00:00','2019-09-11 13:46:01',0,''),(308,'K110919021',2,10000,'2019-09-11 00:00:00','2019-09-11 13:48:54',0,''),(309,'K110919022',2,10000,'2019-09-11 00:00:00','2019-09-11 13:56:21',0,''),(310,'K110919023',2,10000,'2019-09-11 00:00:00','2019-09-11 13:58:12',0,''),(311,'K110919024',2,10000,'2019-09-11 00:00:00','2019-09-11 14:02:39',0,''),(312,'K110919025',2,10000,'2019-09-11 00:00:00','2019-09-11 14:04:38',0,''),(313,'K120919026',2,10000,'2019-09-11 00:00:00','2019-09-12 14:11:05',0,''),(314,'K120919027',2,10000,'2019-09-12 00:00:00','2019-09-12 14:14:59',0,''),(315,'K120919028',2,10000,'2019-09-12 00:00:00','2019-09-12 14:16:16',0,''),(316,'K120919029',2,10000,'2019-09-12 00:00:00','2019-09-12 14:22:13',0,''),(317,'K120919030',2,10000,'2019-09-12 00:00:00','2019-09-12 14:23:39',0,''),(318,'K120919031',2,10000,'2019-09-12 00:00:00','2019-09-12 14:26:56',0,''),(319,'K120919032',2,10000,'2019-09-12 00:00:00','2019-09-12 14:29:27',0,''),(320,'K120919033',2,10000,'2019-09-12 00:00:00','2019-09-12 14:30:52',0,''),(321,'K120919034',2,10000,'2019-09-12 00:00:00','2019-09-12 14:39:21',0,''),(322,'K120919035',2,10000,'2019-09-12 00:00:00','2019-09-12 14:44:17',0,''),(323,'K120919036',2,10000,'2019-09-12 00:00:00','2019-09-12 14:52:44',0,''),(324,'K120919037',2,10000,'2019-09-12 00:00:00','2019-09-12 14:55:22',0,''),(325,'K120919038',2,10000,'2019-09-12 00:00:00','2019-09-12 06:10:39',0,''),(326,'K120919039',2,10000,'2019-09-12 00:00:00','2019-09-12 06:12:58',0,'');
/*!40000 ALTER TABLE `simpananpokok` ENABLE KEYS */;
UNLOCK TABLES;

--
-- Table structure for table `simpananwajib`
--

DROP TABLE IF EXISTS `simpananwajib`;
/*!40101 SET @saved_cs_client     = @@character_set_client */;
/*!40101 SET character_set_client = utf8 */;
CREATE TABLE `simpananwajib` (
  `siw_id` int(10) NOT NULL AUTO_INCREMENT,
  `ang_no` varchar(25) NOT NULL COMMENT 'fk dari anggota',
  `ses_id` int(11) NOT NULL COMMENT 'fk dari settingsimpanan',
  `siw_tglbayar` datetime NOT NULL,
  `siw_status` tinyint(1) DEFAULT NULL COMMENT '0:aktif 1:ditarik 2:belum dibayar',
  `siw_tglambil` datetime DEFAULT NULL,
  `siw_tgl` datetime NOT NULL,
  `siw_flag` tinyint(2) NOT NULL,
  `siw_info` text NOT NULL,
  PRIMARY KEY (`siw_id`)
) ENGINE=InnoDB AUTO_INCREMENT=347 DEFAULT CHARSET=latin1;
/*!40101 SET character_set_client = @saved_cs_client */;

--
-- Dumping data for table `simpananwajib`
--

LOCK TABLES `simpananwajib` WRITE;
/*!40000 ALTER TABLE `simpananwajib` DISABLE KEYS */;
INSERT INTO `simpananwajib` VALUES (53,'K020919001',1,'2019-09-02 13:59:30',0,NULL,'2019-09-02 13:59:30',0,''),(54,'K020919002',1,'2019-09-02 11:55:17',0,NULL,'2019-09-02 11:55:17',0,''),(55,'K020919003',1,'2019-09-02 12:18:22',0,NULL,'2019-09-02 12:18:22',0,''),(56,'K020919004',1,'2019-09-02 12:24:14',0,NULL,'2019-09-02 12:24:14',0,''),(57,'K020919005',1,'2019-09-02 12:27:38',0,NULL,'2019-09-02 12:27:38',0,''),(58,'K020919006',1,'2019-09-02 12:31:52',0,NULL,'2019-09-02 12:31:52',0,''),(59,'K020919007',1,'2019-09-02 12:38:52',0,NULL,'2019-09-02 12:38:52',0,''),(60,'K020919008',1,'2019-09-02 12:41:53',0,NULL,'2019-09-02 12:41:53',0,''),(61,'K020919009',1,'2019-09-02 12:46:49',0,NULL,'2019-09-02 12:46:49',0,''),(62,'K020919010',1,'2019-09-02 13:05:59',0,NULL,'2019-09-02 13:05:59',0,''),(63,'K020919011',1,'2019-09-02 13:23:36',0,NULL,'2019-09-02 13:23:36',0,''),(64,'K020919012',1,'2019-09-02 13:33:05',0,NULL,'2019-09-02 13:33:05',0,''),(65,'K020919013',1,'2019-09-02 13:44:54',0,NULL,'2019-09-02 13:44:54',0,''),(66,'K020919014',1,'2019-09-02 13:55:57',0,NULL,'2019-09-02 13:55:57',0,''),(67,'K020919015',1,'2019-09-02 13:59:44',0,NULL,'2019-09-02 13:59:44',0,''),(68,'K030919016',1,'2019-09-03 12:20:32',0,NULL,'2019-09-03 12:20:32',0,''),(69,'K030919017',1,'2019-09-03 12:26:41',0,NULL,'2019-09-03 12:26:41',0,''),(70,'K030919018',1,'2019-09-03 12:29:11',0,NULL,'2019-09-03 12:29:11',0,''),(71,'K030919019',1,'2019-09-03 12:42:27',0,NULL,'2019-09-03 12:42:27',0,''),(72,'K030919020',1,'2019-09-03 12:44:35',0,NULL,'2019-09-03 12:44:35',0,''),(73,'K030919021',1,'2019-09-03 12:50:14',0,NULL,'2019-09-03 12:50:14',0,''),(74,'K030919022',1,'2019-09-03 12:54:22',0,NULL,'2019-09-03 12:54:22',0,''),(75,'K030919023',1,'2019-09-03 13:01:38',0,NULL,'2019-09-03 13:01:38',0,''),(76,'K030919024',1,'2019-09-03 13:03:30',0,NULL,'2019-09-03 13:03:30',0,''),(77,'K030919025',1,'2019-09-03 13:06:32',0,NULL,'2019-09-03 13:06:32',0,''),(78,'K030919026',1,'2019-09-03 13:10:19',0,NULL,'2019-09-03 13:10:19',0,''),(79,'K050919027',1,'2019-09-05 11:30:07',0,NULL,'2019-09-05 11:30:07',0,''),(80,'K050919028',1,'2019-09-05 11:34:50',0,NULL,'2019-09-05 11:34:50',0,''),(81,'K020919029',1,'2019-09-02 12:56:02',0,NULL,'2019-09-02 12:56:02',0,''),(82,'K020919030',1,'2019-09-03 13:01:17',0,NULL,'2019-09-03 13:01:17',0,''),(83,'K030919031',1,'2019-09-03 13:05:26',0,NULL,'2019-09-03 13:05:26',0,''),(84,'K030919032',1,'2019-09-03 13:08:47',0,NULL,'2019-09-03 13:08:47',0,''),(85,'K030919033',1,'2019-09-03 13:12:29',0,NULL,'2019-09-03 13:12:29',0,''),(86,'K030919034',1,'2019-09-04 13:15:48',0,NULL,'2019-09-04 13:15:48',0,''),(87,'K040919035',1,'2019-09-04 13:18:39',0,NULL,'2019-09-04 13:18:39',0,''),(88,'K040919036',1,'2019-09-04 13:20:41',0,NULL,'2019-09-04 13:20:41',0,''),(89,'K040919037',1,'2019-09-04 13:24:12',0,NULL,'2019-09-04 13:24:12',0,''),(90,'K040919038',1,'2019-09-04 13:26:17',0,NULL,'2019-09-04 13:26:17',0,''),(91,'K040919039',1,'2019-09-04 13:29:44',0,NULL,'2019-09-04 13:29:44',0,''),(92,'K040919040',1,'2019-09-04 13:34:59',0,NULL,'2019-09-04 13:34:59',0,''),(93,'K040919041',1,'2019-09-04 13:40:31',0,NULL,'2019-09-04 13:40:31',0,''),(94,'K040919042',1,'2019-09-04 14:11:17',0,NULL,'2019-09-04 14:11:17',0,''),(95,'K040919043',1,'2019-09-04 14:33:06',0,NULL,'2019-09-04 14:33:06',0,''),(96,'K040919044',1,'2019-09-04 14:35:53',0,NULL,'2019-09-04 14:35:53',0,''),(97,'K040919045',1,'2019-09-04 14:40:14',0,NULL,'2019-09-04 14:40:14',0,''),(98,'K040919046',1,'2019-09-04 14:44:13',0,NULL,'2019-09-04 14:44:13',0,''),(99,'K040919041',1,'2019-09-04 14:45:14',0,NULL,'2019-09-04 14:45:14',0,''),(100,'K030919032',1,'2019-09-04 14:47:34',0,NULL,'2019-09-04 14:47:34',0,''),(101,'K040919038',1,'2019-09-04 14:51:52',0,NULL,'2019-09-04 14:51:52',0,''),(102,'K060919047',1,'2019-09-06 06:26:53',0,NULL,'2019-09-06 06:26:53',0,''),(103,'K040919048',1,'2019-09-04 06:49:39',0,NULL,'2019-09-04 06:49:39',0,''),(104,'K040919049',1,'2019-09-04 06:54:48',0,NULL,'2019-09-04 06:54:48',0,''),(105,'K040919050',1,'2019-09-04 06:57:32',0,NULL,'2019-09-04 06:57:32',0,''),(106,'K030919051',1,'2019-09-03 12:37:37',0,NULL,'2019-09-03 12:37:37',0,''),(107,'K040919052',1,'2019-09-04 13:22:25',0,NULL,'2019-09-04 13:22:25',0,''),(108,'K050919053',1,'2019-09-05 07:35:50',0,NULL,'2019-09-05 07:35:50',0,''),(109,'K050919054',1,'2019-09-05 07:39:36',0,NULL,'2019-09-05 07:39:36',0,''),(110,'K050919055',1,'2019-09-05 07:50:34',0,NULL,'2019-09-05 07:50:34',0,''),(111,'K050919056',1,'2019-09-05 07:55:02',0,NULL,'2019-09-05 07:55:02',0,''),(112,'K050919057',1,'2019-09-05 08:00:07',0,NULL,'2019-09-05 08:00:07',0,''),(113,'K050919058',1,'2019-09-05 08:03:31',0,NULL,'2019-09-05 08:03:31',0,''),(114,'K050919059',1,'2019-09-05 08:05:18',0,NULL,'2019-09-05 08:05:18',0,''),(115,'K050919060',1,'2019-09-05 08:07:43',0,NULL,'2019-09-05 08:07:43',0,''),(116,'K050919061',1,'2019-09-05 08:10:54',0,NULL,'2019-09-05 08:10:54',0,''),(117,'K050919062',1,'2019-09-05 08:11:09',0,NULL,'2019-09-05 08:11:09',0,''),(118,'K050919063',1,'2019-09-05 08:20:07',0,NULL,'2019-09-05 08:20:07',0,''),(119,'K050919064',1,'2019-09-05 08:23:02',0,NULL,'2019-09-05 08:23:02',0,''),(120,'K050919065',1,'2019-09-05 08:26:05',0,NULL,'2019-09-05 08:26:05',0,''),(121,'K050919066',1,'2019-09-05 08:26:36',0,NULL,'2019-09-05 08:26:36',0,''),(122,'K050919067',1,'2019-09-05 08:28:38',0,NULL,'2019-09-05 08:28:38',0,''),(123,'K050919068',1,'2019-09-05 08:30:50',0,NULL,'2019-09-05 08:30:50',0,''),(124,'K050919069',1,'2019-09-05 08:32:28',0,NULL,'2019-09-05 08:32:28',0,''),(125,'K050919069',1,'2019-09-05 08:33:16',0,NULL,'2019-09-05 08:33:16',0,''),(126,'K050919070',1,'2019-09-05 08:37:38',0,NULL,'2019-09-05 08:37:38',0,''),(127,'K050919071',1,'2019-09-05 08:41:33',0,NULL,'2019-09-05 08:41:33',0,''),(128,'K050919072',1,'2019-09-05 09:41:42',0,NULL,'2019-09-05 09:41:42',0,''),(129,'K050919073',1,'2019-09-05 10:14:51',0,NULL,'2019-09-05 10:14:51',0,''),(130,'K050919074',1,'2019-09-05 10:33:18',0,NULL,'2019-09-05 10:33:18',0,''),(131,'K060919075',1,'2019-09-06 12:08:21',0,NULL,'2019-09-06 12:08:21',0,''),(132,'K060919076',1,'2019-09-06 12:14:56',0,NULL,'2019-09-06 12:14:56',0,''),(133,'K060919077',1,'2019-09-06 12:17:23',0,NULL,'2019-09-06 12:17:23',0,''),(134,'K060919078',1,'2019-09-06 12:18:51',0,NULL,'2019-09-06 12:18:51',0,''),(135,'K060919079',1,'2019-09-06 12:20:16',0,NULL,'2019-09-06 12:20:16',0,''),(136,'K060919080',1,'2019-09-06 12:20:34',0,NULL,'2019-09-06 12:20:34',0,''),(137,'K060919081',1,'2019-09-06 12:21:51',0,NULL,'2019-09-06 12:21:51',0,''),(138,'K060919082',1,'2019-09-06 12:23:03',0,NULL,'2019-09-06 12:23:03',0,''),(139,'K060919083',1,'2019-09-06 12:23:08',0,NULL,'2019-09-06 12:23:08',0,''),(140,'K060919084',1,'2019-09-06 12:24:20',0,NULL,'2019-09-06 12:24:20',0,''),(141,'K060919085',1,'2019-09-06 12:25:12',0,NULL,'2019-09-06 12:25:12',0,''),(142,'K060919086',1,'2019-09-06 12:26:11',0,NULL,'2019-09-06 12:26:11',0,''),(143,'K060919087',1,'2019-09-06 12:27:36',0,NULL,'2019-09-06 12:27:36',0,''),(144,'K060919088',1,'2019-09-06 12:29:04',0,NULL,'2019-09-06 12:29:04',0,''),(145,'K060919089',1,'2019-09-06 12:30:28',0,NULL,'2019-09-06 12:30:28',0,''),(146,'K060919090',1,'2019-09-06 12:31:52',0,NULL,'2019-09-06 12:31:52',0,''),(147,'K060919091',1,'2019-09-06 12:33:06',0,NULL,'2019-09-06 12:33:06',0,''),(148,'K060919092',1,'2019-09-06 12:34:16',0,NULL,'2019-09-06 12:34:16',0,''),(149,'K060919093',1,'2019-09-06 12:35:27',0,NULL,'2019-09-06 12:35:27',0,''),(150,'K060919094',1,'2019-09-06 12:36:45',0,NULL,'2019-09-06 12:36:45',0,''),(151,'K060919095',1,'2019-09-06 12:37:58',0,NULL,'2019-09-06 12:37:58',0,''),(152,'K060919096',1,'2019-09-06 12:39:35',0,NULL,'2019-09-06 12:39:35',0,''),(153,'K060919097',1,'2019-09-06 12:40:39',0,NULL,'2019-09-06 12:40:39',0,''),(154,'K060919098',1,'2019-09-06 12:41:55',0,NULL,'2019-09-06 12:41:55',0,''),(155,'K060919099',1,'2019-09-06 12:43:02',0,NULL,'2019-09-06 12:43:02',0,''),(156,'K060919100',1,'2019-09-06 12:44:16',0,NULL,'2019-09-06 12:44:16',0,''),(157,'K050919100',1,'2019-09-05 13:41:25',0,NULL,'2019-09-05 13:41:25',0,''),(158,'K090919100',1,'2019-09-09 08:51:31',0,NULL,'2019-09-09 08:51:31',0,''),(159,'K070919100',1,'2019-09-07 09:19:46',0,NULL,'2019-09-07 09:19:46',0,''),(160,'K070919001',1,'2019-09-07 14:01:43',0,NULL,'2019-09-07 14:01:43',0,''),(161,'K070919002',1,'2019-09-07 14:05:02',0,NULL,'2019-09-07 14:05:02',0,''),(162,'K070919003',1,'2019-09-07 14:08:31',0,NULL,'2019-09-07 14:08:31',0,''),(163,'K070919004',1,'2019-09-07 14:18:07',0,NULL,'2019-09-07 14:18:07',0,''),(164,'K070919005',1,'2019-09-07 14:20:33',0,NULL,'2019-09-07 14:20:33',0,''),(165,'K070919006',1,'2019-09-07 14:24:05',0,NULL,'2019-09-07 14:24:05',0,''),(166,'K070919007',1,'2019-09-07 14:27:37',0,NULL,'2019-09-07 14:27:37',0,''),(167,'K070919008',1,'2019-09-07 14:38:58',0,NULL,'2019-09-07 14:38:58',0,''),(168,'K070919009',1,'2019-09-07 14:43:05',0,NULL,'2019-09-07 14:43:05',0,''),(169,'K070919010',1,'2019-09-07 14:46:29',0,NULL,'2019-09-07 14:46:29',0,''),(170,'K070919011',1,'2019-09-07 14:48:13',0,NULL,'2019-09-07 14:48:13',0,''),(171,'K070919012',1,'2019-09-07 14:50:21',0,NULL,'2019-09-07 14:50:21',0,''),(172,'K070919013',1,'2019-09-07 14:52:12',0,NULL,'2019-09-07 14:52:12',0,''),(173,'K120919001',1,'2019-09-12 11:32:18',0,NULL,'2019-09-12 11:32:18',0,''),(174,'K120919002',1,'2019-09-12 11:41:41',0,NULL,'2019-09-12 11:41:41',0,''),(175,'K120919003',1,'2019-09-12 12:07:51',0,NULL,'2019-09-12 12:07:51',0,''),(176,'K120919004',1,'2019-09-12 12:09:16',0,NULL,'2019-09-12 12:09:16',0,''),(177,'K120919005',1,'2019-09-12 12:10:53',0,NULL,'2019-09-12 12:10:53',0,''),(178,'K120919006',1,'2019-09-12 12:12:17',0,NULL,'2019-09-12 12:12:17',0,''),(179,'K120919007',1,'2019-09-12 12:13:47',0,NULL,'2019-09-12 12:13:47',0,''),(180,'K120919008',1,'2019-09-12 12:14:50',0,NULL,'2019-09-12 12:14:50',0,''),(181,'K120919009',1,'2019-09-12 12:16:27',0,NULL,'2019-09-12 12:16:27',0,''),(182,'K120919010',1,'2019-09-12 12:20:18',0,NULL,'2019-09-12 12:20:18',0,''),(183,'K120919011',1,'2019-09-12 12:21:10',0,NULL,'2019-09-12 12:21:10',0,''),(184,'K120919012',1,'2019-09-12 12:22:29',0,NULL,'2019-09-12 12:22:29',0,''),(185,'K120919013',1,'2019-09-12 12:23:27',0,NULL,'2019-09-12 12:23:27',0,''),(186,'K120919014',1,'2019-09-10 12:24:56',0,NULL,'2019-09-10 12:24:56',0,''),(187,'K100919015',1,'2019-09-10 12:26:26',0,NULL,'2019-09-10 12:26:26',0,''),(188,'K100919016',1,'2019-09-10 12:27:33',0,NULL,'2019-09-10 12:27:33',0,''),(189,'K100919017',1,'2019-09-10 12:30:05',0,NULL,'2019-09-10 12:30:05',0,''),(190,'K100919018',1,'2019-09-10 12:31:05',0,NULL,'2019-09-10 12:31:05',0,''),(191,'K100919019',1,'2019-09-10 12:32:16',0,NULL,'2019-09-10 12:32:16',0,''),(192,'K100919020',1,'2019-09-10 12:33:23',0,NULL,'2019-09-10 12:33:23',0,''),(193,'K100919021',1,'2019-09-10 12:34:42',0,NULL,'2019-09-10 12:34:42',0,''),(194,'K100919022',1,'2019-09-10 12:37:11',0,NULL,'2019-09-10 12:37:11',0,''),(195,'K100919023',1,'2019-09-10 12:38:53',0,NULL,'2019-09-10 12:38:53',0,''),(196,'K100919024',1,'2019-09-10 12:40:00',0,NULL,'2019-09-10 12:40:00',0,''),(197,'K100919025',1,'2019-09-10 12:40:35',0,NULL,'2019-09-10 12:40:35',0,''),(198,'K100919026',1,'2019-09-10 12:41:24',0,NULL,'2019-09-10 12:41:24',0,''),(199,'K100919027',1,'2019-09-10 12:43:47',0,NULL,'2019-09-10 12:43:47',0,''),(200,'K100919028',1,'2019-09-10 12:45:08',0,NULL,'2019-09-10 12:45:08',0,''),(201,'K100919029',1,'2019-09-10 12:46:39',0,NULL,'2019-09-10 12:46:39',0,''),(202,'K100919030',1,'2019-09-10 12:47:41',0,NULL,'2019-09-10 12:47:41',0,''),(203,'K100919001',1,'2019-09-10 12:48:53',0,NULL,'2019-09-10 12:48:53',0,''),(204,'K110919001',1,'2019-09-11 13:13:34',0,NULL,'2019-09-11 13:13:34',0,''),(205,'K1209190001',1,'2019-09-12 14:16:54',0,NULL,'2019-09-12 14:16:54',0,''),(206,'K070919014',1,'2019-09-07 20:53:41',0,NULL,'2019-09-07 20:53:41',0,''),(207,'K070919015',1,'2019-09-07 20:55:18',0,NULL,'2019-09-07 20:55:18',0,''),(208,'K090919001',1,'2019-09-09 21:09:38',0,NULL,'2019-09-09 21:09:38',0,''),(209,'K090919002',1,'2019-09-09 21:10:50',0,NULL,'2019-09-09 21:10:50',0,''),(210,'K090919003',1,'2019-09-09 21:11:28',0,NULL,'2019-09-09 21:11:28',0,''),(211,'K090919004',1,'2019-09-09 21:20:14',0,NULL,'2019-09-09 21:20:14',0,''),(212,'K090919005',1,'2019-09-09 21:32:32',0,NULL,'2019-09-09 21:32:32',0,''),(213,'K090919006',1,'2019-09-09 21:33:20',0,NULL,'2019-09-09 21:33:20',0,''),(214,'K090919007',1,'2019-09-09 21:46:17',0,NULL,'2019-09-09 21:46:17',0,''),(215,'K090919008',1,'2019-09-09 21:49:36',0,NULL,'2019-09-09 21:49:36',0,''),(216,'K090919009',1,'2019-09-09 21:49:59',0,NULL,'2019-09-09 21:49:59',0,''),(217,'K090919010',1,'2019-09-09 21:57:34',0,NULL,'2019-09-09 21:57:34',0,''),(218,'K090919011',1,'2019-09-09 21:58:03',0,NULL,'2019-09-09 21:58:03',0,''),(219,'K090919012',1,'2019-09-09 22:07:42',0,NULL,'2019-09-09 22:07:42',0,''),(220,'K090919013',1,'2019-09-09 22:11:35',0,NULL,'2019-09-09 22:11:35',0,''),(221,'K090919014',1,'2019-09-09 22:13:48',0,NULL,'2019-09-09 22:13:48',0,''),(222,'K090919015',1,'2019-09-09 22:16:07',0,NULL,'2019-09-09 22:16:07',0,''),(223,'K090919016',1,'2019-09-09 22:17:15',0,NULL,'2019-09-09 22:17:15',0,''),(224,'K090919017',1,'2019-09-09 22:19:37',0,NULL,'2019-09-09 22:19:37',0,''),(225,'K090919018',1,'2019-09-09 22:21:06',0,NULL,'2019-09-09 22:21:06',0,''),(226,'K070919016',1,'2019-09-07 22:40:22',0,NULL,'2019-09-07 22:40:22',0,''),(227,'K070919017',1,'2019-09-07 22:41:17',0,NULL,'2019-09-07 22:41:17',0,''),(228,'K070919018',1,'2019-09-07 22:42:35',0,NULL,'2019-09-07 22:42:35',0,''),(229,'K070919019',1,'2019-09-07 22:43:30',0,NULL,'2019-09-07 22:43:30',0,''),(230,'K070919020',1,'2019-09-07 22:44:10',0,NULL,'2019-09-07 22:44:10',0,''),(231,'K130919001',1,'2019-09-13 06:24:06',0,NULL,'2019-09-13 06:24:06',0,''),(232,'K130919002',1,'2019-09-13 06:25:38',0,NULL,'2019-09-13 06:25:38',0,''),(233,'K130919003',1,'2019-09-13 06:26:44',0,NULL,'2019-09-13 06:26:44',0,''),(234,'K130919004',1,'2019-09-13 06:32:30',0,NULL,'2019-09-13 06:32:30',0,''),(235,'K130919005',1,'2019-09-13 06:33:36',0,NULL,'2019-09-13 06:33:36',0,''),(236,'K130919006',1,'2019-09-13 06:37:57',0,NULL,'2019-09-13 06:37:57',0,''),(237,'K130919007',1,'2019-09-13 06:41:28',0,NULL,'2019-09-13 06:41:28',0,''),(238,'K130919008',1,'2019-09-13 06:43:22',0,NULL,'2019-09-13 06:43:22',0,''),(239,'K130919009',1,'2019-09-13 06:44:50',0,NULL,'2019-09-13 06:44:50',0,''),(240,'K130919010',1,'2019-09-13 06:45:50',0,NULL,'2019-09-13 06:45:50',0,''),(241,'K130919011',1,'2019-09-13 06:47:33',0,NULL,'2019-09-13 06:47:33',0,''),(242,'K130919012',1,'2019-09-13 06:51:01',0,NULL,'2019-09-13 06:51:01',0,''),(243,'K130919013',1,'2019-09-13 06:52:25',0,NULL,'2019-09-13 06:52:25',0,''),(244,'K130919014',1,'2019-09-13 06:53:49',0,NULL,'2019-09-13 06:53:49',0,''),(245,'K130919015',1,'2019-09-13 06:55:09',0,NULL,'2019-09-13 06:55:09',0,''),(246,'K130919016',1,'2019-09-13 06:56:25',0,NULL,'2019-09-13 06:56:25',0,''),(247,'K130919017',1,'2019-09-13 06:59:25',0,NULL,'2019-09-13 06:59:25',0,''),(248,'K130919018',1,'2019-09-13 07:00:27',0,NULL,'2019-09-13 07:00:27',0,''),(249,'K130919019',1,'2019-09-13 07:01:40',0,NULL,'2019-09-13 07:01:40',0,''),(250,'K130919020',1,'2019-09-13 07:03:13',0,NULL,'2019-09-13 07:03:13',0,''),(251,'K130919021',1,'2019-09-13 07:04:35',0,NULL,'2019-09-13 07:04:35',0,''),(252,'K130919022',1,'2019-09-13 07:05:47',0,NULL,'2019-09-13 07:05:47',0,''),(253,'K130919023',1,'2019-09-13 07:07:00',0,NULL,'2019-09-13 07:07:00',0,''),(254,'K130919024',1,'2019-09-13 07:09:48',0,NULL,'2019-09-13 07:09:48',0,''),(255,'K130919025',1,'2019-09-13 07:10:45',0,NULL,'2019-09-13 07:10:45',0,''),(256,'K130919026',1,'2019-09-13 07:11:47',0,NULL,'2019-09-13 07:11:47',0,''),(257,'K130919027',1,'2019-09-13 07:15:55',0,NULL,'2019-09-13 07:15:55',0,''),(258,'K130919028',1,'2019-09-13 07:17:30',0,NULL,'2019-09-13 07:17:30',0,''),(259,'K130919029',1,'2019-09-13 07:18:59',0,NULL,'2019-09-13 07:18:59',0,''),(260,'K130919030',1,'2019-09-13 07:20:03',0,NULL,'2019-09-13 07:20:03',0,''),(261,'K130919031',1,'2019-09-13 07:22:04',0,NULL,'2019-09-13 07:22:04',0,''),(262,'K130919032',1,'2019-09-13 07:23:02',0,NULL,'2019-09-13 07:23:02',0,''),(263,'K130919033',1,'2019-09-13 07:24:16',0,NULL,'2019-09-13 07:24:16',0,''),(264,'K130919034',1,'2019-09-13 07:25:44',0,NULL,'2019-09-13 07:25:44',0,''),(265,'K130919035',1,'2019-09-13 07:26:39',0,NULL,'2019-09-13 07:26:39',0,''),(266,'K130919036',1,'2019-09-13 07:28:18',0,NULL,'2019-09-13 07:28:18',0,''),(267,'K130919037',1,'2019-09-13 07:31:08',0,NULL,'2019-09-13 07:31:08',0,''),(268,'K130919038',1,'2019-09-13 07:32:18',0,NULL,'2019-09-13 07:32:18',0,''),(269,'K130919039',1,'2019-09-13 07:34:02',0,NULL,'2019-09-13 07:34:02',0,''),(270,'K130919040',1,'2019-09-13 07:38:29',0,NULL,'2019-09-13 07:38:29',0,''),(271,'K130919041',1,'2019-09-13 07:39:52',0,NULL,'2019-09-13 07:39:52',0,''),(272,'K130919042',1,'2019-09-13 08:07:45',0,NULL,'2019-09-13 08:07:45',0,''),(273,'K130919043',1,'2019-09-13 08:09:34',0,NULL,'2019-09-13 08:09:34',0,''),(274,'K130919044',1,'2019-09-13 08:16:08',0,NULL,'2019-09-13 08:16:08',0,''),(275,'K130919045',1,'2019-09-13 08:22:42',0,NULL,'2019-09-13 08:22:42',0,''),(276,'K130919046',1,'2019-09-13 08:23:28',0,NULL,'2019-09-13 08:23:28',0,''),(277,'K130919047',1,'2019-09-13 08:25:21',0,NULL,'2019-09-13 08:25:21',0,''),(278,'K130919045',1,'2019-09-13 08:26:18',0,NULL,'2019-09-13 08:26:18',0,''),(279,'K130919044',1,'2019-09-13 08:26:40',0,NULL,'2019-09-13 08:26:40',0,''),(280,'K130919043',1,'2019-09-13 08:27:17',0,NULL,'2019-09-13 08:27:17',0,''),(281,'K130919048',1,'2019-09-13 08:36:38',0,NULL,'2019-09-13 08:36:38',0,''),(282,'K130919049',1,'2019-09-13 08:37:51',0,NULL,'2019-09-13 08:37:51',0,''),(283,'K110919002',1,'2019-09-11 09:08:42',0,NULL,'2019-09-11 09:08:42',0,''),(284,'K110919003',1,'2019-09-11 09:29:00',0,NULL,'2019-09-11 09:29:00',0,''),(285,'K110919004',1,'2019-09-11 09:35:59',0,NULL,'2019-09-11 09:35:59',0,''),(286,'K110919005',1,'2019-09-11 09:37:28',0,NULL,'2019-09-11 09:37:28',0,''),(287,'K110919006',1,'2019-09-11 09:38:43',0,NULL,'2019-09-11 09:38:43',0,''),(288,'K110919007',1,'2019-09-11 09:39:50',0,NULL,'2019-09-11 09:39:50',0,''),(289,'K110919008',1,'2019-09-11 09:47:21',0,NULL,'2019-09-11 09:47:21',0,''),(290,'K110919009',1,'2019-09-11 09:49:15',0,NULL,'2019-09-11 09:49:15',0,''),(291,'K120919015',1,'2019-09-12 12:39:04',0,NULL,'2019-09-12 12:39:04',0,''),(292,'K120919016',1,'2019-09-12 12:40:19',0,NULL,'2019-09-12 12:40:19',0,''),(293,'K120919017',1,'2019-09-12 12:41:39',0,NULL,'2019-09-12 12:41:39',0,''),(294,'K120919018',1,'2019-09-12 12:42:46',0,NULL,'2019-09-12 12:42:46',0,''),(295,'K120919019',1,'2019-09-12 12:45:16',0,NULL,'2019-09-12 12:45:16',0,''),(296,'K120919020',1,'2019-09-12 12:47:02',0,NULL,'2019-09-12 12:47:02',0,''),(297,'K120919021',1,'2019-09-12 12:57:57',0,NULL,'2019-09-12 12:57:57',0,''),(298,'K120919022',1,'2019-09-12 12:58:57',0,NULL,'2019-09-12 12:58:57',0,''),(299,'K120919023',1,'2019-09-12 12:59:58',0,NULL,'2019-09-12 12:59:58',0,''),(300,'K120919024',1,'2019-09-12 13:02:49',0,NULL,'2019-09-12 13:02:49',0,''),(301,'K120919025',1,'2019-09-12 13:04:09',0,NULL,'2019-09-12 13:04:09',0,''),(302,'K100919031',1,'2019-09-10 13:24:20',0,NULL,'2019-09-10 13:24:20',0,''),(303,'K100919032',1,'2019-09-10 13:28:36',0,NULL,'2019-09-10 13:28:36',0,''),(304,'K100919033',1,'2019-09-10 13:32:18',0,NULL,'2019-09-10 13:32:18',0,''),(305,'K100919034',1,'2019-09-10 13:35:36',0,NULL,'2019-09-10 13:35:36',0,''),(306,'K100919035',1,'2019-09-10 13:42:21',0,NULL,'2019-09-10 13:42:21',0,''),(307,'K100919036',1,'2019-09-10 13:47:20',0,NULL,'2019-09-10 13:47:20',0,''),(308,'K100919037',1,'2019-09-10 13:48:49',0,NULL,'2019-09-10 13:48:49',0,''),(309,'K100919038',1,'2019-09-10 13:52:37',0,NULL,'2019-09-10 13:52:37',0,''),(310,'K100919039',1,'2019-09-10 13:54:41',0,NULL,'2019-09-10 13:54:41',0,''),(311,'K100919040',1,'2019-09-10 13:58:26',0,NULL,'2019-09-10 13:58:26',0,''),(312,'K100919041',1,'2019-09-10 14:03:26',0,NULL,'2019-09-10 14:03:26',0,''),(313,'K100919042',1,'2019-09-10 14:05:32',0,NULL,'2019-09-10 14:05:32',0,''),(314,'K100919043',1,'2019-09-10 14:07:38',0,NULL,'2019-09-10 14:07:38',0,''),(315,'K110919010',1,'2019-09-11 14:15:04',0,NULL,'2019-09-11 14:15:04',0,''),(316,'K110919011',1,'2019-09-11 14:21:30',0,NULL,'2019-09-11 14:21:30',0,''),(317,'K110919012',1,'2019-09-11 14:24:03',0,NULL,'2019-09-11 14:24:03',0,''),(318,'K110919013',1,'2019-09-11 14:28:39',0,NULL,'2019-09-11 14:28:39',0,''),(319,'K110919014',1,'2019-09-11 14:37:21',0,NULL,'2019-09-11 14:37:21',0,''),(320,'K130919050',1,'2019-09-13 06:22:12',0,NULL,'2019-09-13 06:22:12',0,''),(321,'K140919001',1,'2019-09-14 08:16:32',0,NULL,'2019-09-14 08:16:32',0,''),(322,'K110919015',1,'2019-09-11 13:14:40',0,NULL,'2019-09-11 13:14:40',0,''),(323,'K110919016',1,'2019-09-11 13:21:56',0,NULL,'2019-09-11 13:21:56',0,''),(324,'K110919017',1,'2019-09-11 13:28:12',0,NULL,'2019-09-11 13:28:12',0,''),(325,'K110919018',1,'2019-09-11 13:30:52',0,NULL,'2019-09-11 13:30:52',0,''),(326,'K110919019',1,'2019-09-11 13:35:41',0,NULL,'2019-09-11 13:35:41',0,''),(327,'K110919020',1,'2019-09-11 13:46:01',0,NULL,'2019-09-11 13:46:01',0,''),(328,'K110919021',1,'2019-09-11 13:48:54',0,NULL,'2019-09-11 13:48:54',0,''),(329,'K110919022',1,'2019-09-11 13:56:21',0,NULL,'2019-09-11 13:56:21',0,''),(330,'K110919023',1,'2019-09-11 13:58:12',0,NULL,'2019-09-11 13:58:12',0,''),(331,'K110919024',1,'2019-09-11 14:02:39',0,NULL,'2019-09-11 14:02:39',0,''),(332,'K110919025',1,'2019-09-11 14:04:38',0,NULL,'2019-09-11 14:04:38',0,''),(333,'K120919026',1,'2019-09-12 14:11:05',0,NULL,'2019-09-12 14:11:05',0,''),(334,'K120919027',1,'2019-09-12 14:14:59',0,NULL,'2019-09-12 14:14:59',0,''),(335,'K120919028',1,'2019-09-12 14:16:16',0,NULL,'2019-09-12 14:16:16',0,''),(336,'K120919029',1,'2019-09-12 14:22:13',0,NULL,'2019-09-12 14:22:13',0,''),(337,'K120919030',1,'2019-09-12 14:23:39',0,NULL,'2019-09-12 14:23:39',0,''),(338,'K120919031',1,'2019-09-12 14:26:56',0,NULL,'2019-09-12 14:26:56',0,''),(339,'K120919032',1,'2019-09-12 14:29:27',0,NULL,'2019-09-12 14:29:27',0,''),(340,'K120919033',1,'2019-09-12 14:30:52',0,NULL,'2019-09-12 14:30:52',0,''),(341,'K120919034',1,'2019-09-12 14:39:21',0,NULL,'2019-09-12 14:39:21',0,''),(342,'K120919035',1,'2019-09-12 14:44:17',0,NULL,'2019-09-12 14:44:17',0,''),(343,'K120919036',1,'2019-09-12 14:52:44',0,NULL,'2019-09-12 14:52:44',0,''),(344,'K120919037',1,'2019-09-12 14:55:22',0,NULL,'2019-09-12 14:55:22',0,''),(345,'K120919038',1,'2019-09-12 06:10:39',0,NULL,'2019-09-12 06:10:39',0,''),(346,'K120919039',1,'2019-09-12 06:12:58',0,NULL,'2019-09-12 06:12:58',0,'');
/*!40000 ALTER TABLE `simpananwajib` ENABLE KEYS */;
UNLOCK TABLES;

--
-- Table structure for table `statuspeminjam`
--

DROP TABLE IF EXISTS `statuspeminjam`;
/*!40101 SET @saved_cs_client     = @@character_set_client */;
/*!40101 SET character_set_client = utf8 */;
CREATE TABLE `statuspeminjam` (
  `stp_id` int(11) NOT NULL AUTO_INCREMENT,
  `ang_no` varchar(10) NOT NULL COMMENT 'fk dari anggota',
  `ssp_id` int(11) NOT NULL COMMENT 'fk dari settingstatuspeminjam',
  `pin_id` varchar(25) NOT NULL COMMENT 'fk dari pinjaman',
  `stp_tgl` datetime NOT NULL,
  `stp_flag` tinyint(2) NOT NULL,
  `stp_info` text NOT NULL,
  PRIMARY KEY (`stp_id`)
) ENGINE=InnoDB DEFAULT CHARSET=latin1;
/*!40101 SET character_set_client = @saved_cs_client */;

--
-- Dumping data for table `statuspeminjam`
--

LOCK TABLES `statuspeminjam` WRITE;
/*!40000 ALTER TABLE `statuspeminjam` DISABLE KEYS */;
/*!40000 ALTER TABLE `statuspeminjam` ENABLE KEYS */;
UNLOCK TABLES;

--
-- Table structure for table `sy_config`
--

DROP TABLE IF EXISTS `sy_config`;
/*!40101 SET @saved_cs_client     = @@character_set_client */;
/*!40101 SET character_set_client = utf8 */;
CREATE TABLE `sy_config` (
  `id` int(11) NOT NULL AUTO_INCREMENT,
  `conf_name` varchar(50) NOT NULL,
  `conf_val` text NOT NULL,
  `note` text NOT NULL,
  PRIMARY KEY (`id`)
) ENGINE=InnoDB AUTO_INCREMENT=14 DEFAULT CHARSET=latin1;
/*!40101 SET character_set_client = @saved_cs_client */;

--
-- Dumping data for table `sy_config`
--

LOCK TABLES `sy_config` WRITE;
/*!40000 ALTER TABLE `sy_config` DISABLE KEYS */;
INSERT INTO `sy_config` VALUES (3,'APP_NAME','KSP Sido Mukti',''),(8,'OPD_NAME','KABUPATEN TEMANGGUNG',''),(9,'LEFT_FOOTER','<strong>Copyright</strong> Artechfact  2019 | v1.0',''),(10,'RIGHT_FOOTER','KSP Sido Mukti Temanggung',''),(11,'APP_DESC','Sistem Informasi Perbankan KSP Sido Mukti','-'),(12,'OPD_ADDR','Jl. Suyoto nomor 7.A Temanggung',''),(13,'VISI_MISI','-','');
/*!40000 ALTER TABLE `sy_config` ENABLE KEYS */;
UNLOCK TABLES;

--
-- Table structure for table `titipansimkesan`
--

DROP TABLE IF EXISTS `titipansimkesan`;
/*!40101 SET @saved_cs_client     = @@character_set_client */;
/*!40101 SET character_set_client = utf8 */;
CREATE TABLE `titipansimkesan` (
  `tts_id` int(11) NOT NULL AUTO_INCREMENT,
  `sik_kode` varchar(20) NOT NULL COMMENT 'fk dr simkesan',
  `tts_tgltitip` datetime NOT NULL,
  `tts_jmltitip` float NOT NULL,
  `tts_jmlambil` float NOT NULL,
  `tts_status` tinyint(1) NOT NULL,
  `tts_tgl` datetime NOT NULL,
  `tts_flag` tinyint(2) NOT NULL,
  `tts_info` text NOT NULL,
  PRIMARY KEY (`tts_id`)
) ENGINE=InnoDB AUTO_INCREMENT=20 DEFAULT CHARSET=latin1;
/*!40101 SET character_set_client = @saved_cs_client */;

--
-- Dumping data for table `titipansimkesan`
--

LOCK TABLES `titipansimkesan` WRITE;
/*!40000 ALTER TABLE `titipansimkesan` DISABLE KEYS */;
INSERT INTO `titipansimkesan` VALUES (18,'KC120919003','2019-09-18 21:16:15',50000,0,0,'2019-09-18 21:16:15',0,''),(19,'KC120919003','2019-09-18 21:16:20',150000,0,0,'2019-09-18 21:16:20',0,'');
/*!40000 ALTER TABLE `titipansimkesan` ENABLE KEYS */;
UNLOCK TABLES;

--
-- Table structure for table `tutupinvestasiberjangka`
--

DROP TABLE IF EXISTS `tutupinvestasiberjangka`;
/*!40101 SET @saved_cs_client     = @@character_set_client */;
/*!40101 SET character_set_client = utf8 */;
CREATE TABLE `tutupinvestasiberjangka` (
  `tib_id` int(10) NOT NULL AUTO_INCREMENT,
  `ivb_kode` varchar(25) NOT NULL COMMENT 'fk dari investasiberjangka',
  `tib_tgltutup` datetime NOT NULL,
  `tib_catatan` text NOT NULL,
  `tib_tgl` datetime NOT NULL,
  `tib_flag` tinyint(2) NOT NULL,
  `tib_info` text NOT NULL,
  PRIMARY KEY (`tib_id`)
) ENGINE=InnoDB DEFAULT CHARSET=latin1;
/*!40101 SET character_set_client = @saved_cs_client */;

--
-- Dumping data for table `tutupinvestasiberjangka`
--

LOCK TABLES `tutupinvestasiberjangka` WRITE;
/*!40000 ALTER TABLE `tutupinvestasiberjangka` DISABLE KEYS */;
/*!40000 ALTER TABLE `tutupinvestasiberjangka` ENABLE KEYS */;
UNLOCK TABLES;

--
-- Table structure for table `user_access`
--

DROP TABLE IF EXISTS `user_access`;
/*!40101 SET @saved_cs_client     = @@character_set_client */;
/*!40101 SET character_set_client = utf8 */;
CREATE TABLE `user_access` (
  `id` int(11) NOT NULL AUTO_INCREMENT,
  `id_group` int(11) DEFAULT NULL,
  `kd_access` varchar(12) DEFAULT NULL,
  `nm_access` varbinary(100) DEFAULT NULL,
  `is_allow` int(1) DEFAULT NULL COMMENT '0=false,1=true',
  `note` text DEFAULT NULL,
  PRIMARY KEY (`id`)
) ENGINE=InnoDB AUTO_INCREMENT=71 DEFAULT CHARSET=latin1;
/*!40101 SET character_set_client = @saved_cs_client */;

--
-- Dumping data for table `user_access`
--

LOCK TABLES `user_access` WRITE;
/*!40000 ALTER TABLE `user_access` DISABLE KEYS */;
INSERT INTO `user_access` VALUES (37,3,'7',NULL,1,NULL),(38,1,'7',NULL,1,NULL),(39,1,'1',NULL,1,NULL),(40,1,'5',NULL,1,NULL),(41,1,'6',NULL,1,NULL),(42,1,'8',NULL,1,NULL),(43,1,'9',NULL,1,NULL),(44,1,'10',NULL,1,NULL),(45,3,'6',NULL,0,NULL),(46,3,'8',NULL,0,NULL),(47,3,'9',NULL,0,NULL),(48,3,'10',NULL,0,NULL),(49,3,'5',NULL,0,NULL),(50,3,'1',NULL,0,NULL),(51,6,'10',NULL,1,NULL),(52,5,'8',NULL,1,NULL),(53,4,'9',NULL,1,NULL),(54,7,'5',NULL,1,NULL),(55,7,'1',NULL,1,NULL),(56,8,'5',NULL,1,NULL),(57,8,'6',NULL,0,NULL),(58,8,'1',NULL,1,NULL),(59,8,'7',NULL,1,NULL),(60,8,'8',NULL,1,NULL),(61,8,'9',NULL,1,NULL),(62,8,'10',NULL,1,NULL),(63,8,'11',NULL,1,NULL),(64,1,'11',NULL,1,NULL),(65,7,'11',NULL,0,NULL),(66,7,'9',NULL,1,NULL),(67,8,'12',NULL,1,NULL),(68,3,'12',NULL,1,NULL),(69,1,'12',NULL,1,NULL),(70,7,'7',NULL,1,NULL);
/*!40000 ALTER TABLE `user_access` ENABLE KEYS */;
UNLOCK TABLES;

--
-- Table structure for table `user_group`
--

DROP TABLE IF EXISTS `user_group`;
/*!40101 SET @saved_cs_client     = @@character_set_client */;
/*!40101 SET character_set_client = utf8 */;
CREATE TABLE `user_group` (
  `id` int(11) NOT NULL AUTO_INCREMENT,
  `group_name` varchar(255) DEFAULT NULL,
  `note` text DEFAULT NULL,
  `created_by` int(11) DEFAULT NULL,
  `created_at` datetime DEFAULT NULL,
  `updated_by` int(11) DEFAULT NULL,
  `updated_at` datetime DEFAULT NULL,
  PRIMARY KEY (`id`)
) ENGINE=InnoDB AUTO_INCREMENT=9 DEFAULT CHARSET=latin1;
/*!40101 SET character_set_client = @saved_cs_client */;

--
-- Dumping data for table `user_group`
--

LOCK TABLES `user_group` WRITE;
/*!40000 ALTER TABLE `user_group` DISABLE KEYS */;
INSERT INTO `user_group` VALUES (1,'Developer','full akses',NULL,NULL,NULL,NULL),(2,'Teller','Teller',0,'0000-00-00 00:00:00',0,'0000-00-00 00:00:00'),(3,'Simpanan','Simpanan',NULL,NULL,NULL,NULL),(4,'Simkesan','Simkesan',0,'0000-00-00 00:00:00',0,'0000-00-00 00:00:00'),(5,'Pinjaman','Pinjaman',0,'0000-00-00 00:00:00',0,'0000-00-00 00:00:00'),(6,'Investasi','Investasi',0,'0000-00-00 00:00:00',0,'0000-00-00 00:00:00'),(7,'Akuntan','Akuntan',0,'0000-00-00 00:00:00',0,'0000-00-00 00:00:00'),(8,'manager','manager',0,'0000-00-00 00:00:00',0,'0000-00-00 00:00:00');
/*!40000 ALTER TABLE `user_group` ENABLE KEYS */;
UNLOCK TABLES;

--
-- Table structure for table `users`
--

DROP TABLE IF EXISTS `users`;
/*!40101 SET @saved_cs_client     = @@character_set_client */;
/*!40101 SET character_set_client = utf8 */;
CREATE TABLE `users` (
  `id_user` int(11) NOT NULL AUTO_INCREMENT,
  `fullname` varchar(250) DEFAULT NULL,
  `username` varchar(50) DEFAULT NULL,
  `password` varchar(250) DEFAULT NULL,
  `email` varchar(250) DEFAULT NULL,
  `id_group` int(11) DEFAULT NULL COMMENT 'fk dari tabel user_group',
  `foto` varchar(250) DEFAULT NULL,
  `telp` varchar(250) DEFAULT NULL,
  `note` text NOT NULL,
  `created_by` int(11) DEFAULT NULL,
  `updated_by` int(11) DEFAULT NULL,
  `created_at` datetime DEFAULT NULL,
  `updated_at` datetime DEFAULT NULL,
  `note_1` text DEFAULT NULL,
  PRIMARY KEY (`id_user`)
) ENGINE=InnoDB AUTO_INCREMENT=11 DEFAULT CHARSET=latin1;
/*!40101 SET character_set_client = @saved_cs_client */;

--
-- Dumping data for table `users`
--

LOCK TABLES `users` WRITE;
/*!40000 ALTER TABLE `users` DISABLE KEYS */;
INSERT INTO `users` VALUES (1,'Admin KSP Sido Mukti','dev','033aca88b54053cf0ed7a641e27f9773','dev@email.com',1,'','085643242654','full akses',1,1,'2018-03-13 03:06:55','2019-01-28 09:26:16',''),(2,'agung widhiatmojo','dev','827ccb0eea8a706c4c34a16891f84e7b','agung.widhiatmojo@gmail.com',2,NULL,'085700085838','dfg',1,1,'2019-04-20 10:01:30','2019-04-21 06:22:45',''),(5,'admin simpanan','simpanan','fdc85a9ad78d855ed4de5d14075d80ad','simpanan@gmail.com',3,NULL,'0893993993','admin simpanan',1,0,'2019-08-12 18:06:44','0000-00-00 00:00:00',''),(6,'admin investasi','investasi','cbc74767c3b1bc62f5ead2a21548a53a','investasi@gmail.com',6,NULL,'089488488488','Admin Investasi Berjangka',5,0,'2019-08-12 18:52:21','0000-00-00 00:00:00',''),(7,'admin pinjaman','pinjaman','032aa9469717367ccc7b74693b23e7b7','pinjaman@gmail.com',5,NULL,'088565656','Admin Pinjaman',6,0,'2019-08-12 19:00:35','0000-00-00 00:00:00',''),(8,'admin simkesan','simkesan','97543921c1fa34523cb1b6f03adf3b5f','simkesan@gmail.com',4,NULL,'083873773737','Admin Simkesan',7,0,'2019-08-12 19:11:51','0000-00-00 00:00:00',''),(9,'Akuntan','akuntan','d017f7d301ea2115374da19e2d05e1cb','akuntan@gmail.com',7,NULL,'0849494','Akuntan',1,0,'2019-08-14 20:59:07','0000-00-00 00:00:00',''),(10,'manager','manager','0795151defba7a4b5dfa89170de46277','manager@gmail.com',8,NULL,'08979797979','manager',1,0,'2019-08-27 10:20:17','0000-00-00 00:00:00','');
/*!40000 ALTER TABLE `users` ENABLE KEYS */;
UNLOCK TABLES;

--
-- Table structure for table `wilayah`
--

DROP TABLE IF EXISTS `wilayah`;
/*!40101 SET @saved_cs_client     = @@character_set_client */;
/*!40101 SET character_set_client = utf8 */;
CREATE TABLE `wilayah` (
  `wil_kode` int(10) NOT NULL AUTO_INCREMENT,
  `wil_nama` varchar(50) NOT NULL,
  `wil_tgl` datetime NOT NULL,
  `wil_flag` tinyint(2) NOT NULL,
  `wil_info` text NOT NULL,
  PRIMARY KEY (`wil_kode`)
) ENGINE=InnoDB AUTO_INCREMENT=25 DEFAULT CHARSET=latin1;
/*!40101 SET character_set_client = @saved_cs_client */;

--
-- Dumping data for table `wilayah`
--

LOCK TABLES `wilayah` WRITE;
/*!40000 ALTER TABLE `wilayah` DISABLE KEYS */;
INSERT INTO `wilayah` VALUES (4,'Tepusen','2019-08-24 13:51:27',0,''),(5,'Karna','2019-08-24 13:51:42',0,''),(6,'Anggrek','2019-08-24 13:51:52',0,''),(7,'Wangi','2019-08-24 13:51:59',0,''),(8,'Dahlia','2019-08-24 13:52:06',0,''),(9,'Mahkota Dewa','2019-08-24 13:52:28',0,''),(10,'Wilayah I','2019-08-26 12:32:10',0,''),(11,'Wilayah II','2019-08-26 12:32:16',0,''),(12,'Wilayah III','2019-08-26 12:32:24',0,''),(13,'Wilayah IV','2019-08-26 12:32:33',0,''),(14,'Nakula','2019-09-02 06:42:58',0,''),(15,'Mawar','2019-09-02 06:43:49',0,''),(16,'SEPTI','2019-09-02 06:46:26',0,''),(17,'STAFF','2019-09-02 06:46:38',0,''),(18,'RETNO','2019-09-02 06:46:45',0,''),(19,'KANTOR PUSAT','2019-09-02 06:47:07',0,''),(20,'KC. NGADIREJO','2019-09-02 06:47:19',0,''),(21,'KC. KLEDUNG','2019-09-02 06:47:38',0,''),(22,'KC. GEMAWANG','2019-09-02 06:47:50',0,''),(23,'KC. KRANGGAN','2019-09-02 06:48:03',0,''),(24,'KC. CANDIROTO','2019-09-02 06:49:05',0,'');
/*!40000 ALTER TABLE `wilayah` ENABLE KEYS */;
UNLOCK TABLES;

--
-- Table structure for table `wilayah_karyawan`
--

DROP TABLE IF EXISTS `wilayah_karyawan`;
/*!40101 SET @saved_cs_client     = @@character_set_client */;
/*!40101 SET character_set_client = utf8 */;
CREATE TABLE `wilayah_karyawan` (
  `wik_id` int(11) NOT NULL AUTO_INCREMENT,
  `wil_kode` varchar(10) NOT NULL COMMENT 'fk dari wilayah',
  `status` varchar(10) NOT NULL,
  `kar_kode` varchar(10) NOT NULL COMMENT 'fk dari karyawan',
  `wik_tgl` datetime NOT NULL,
  `wik_flag` tinyint(2) NOT NULL,
  `wik_info` text NOT NULL,
  PRIMARY KEY (`wik_id`)
) ENGINE=InnoDB AUTO_INCREMENT=3 DEFAULT CHARSET=latin1;
/*!40101 SET character_set_client = @saved_cs_client */;

--
-- Dumping data for table `wilayah_karyawan`
--

LOCK TABLES `wilayah_karyawan` WRITE;
/*!40000 ALTER TABLE `wilayah_karyawan` DISABLE KEYS */;
INSERT INTO `wilayah_karyawan` VALUES (2,'9','aktif','2708006','2019-08-27 07:50:17',0,'');
/*!40000 ALTER TABLE `wilayah_karyawan` ENABLE KEYS */;
UNLOCK TABLES;

--
-- Dumping routines for database 'ksp_sidomukti'
--
/*!40103 SET TIME_ZONE=@OLD_TIME_ZONE */;

/*!40101 SET SQL_MODE=@OLD_SQL_MODE */;
/*!40014 SET FOREIGN_KEY_CHECKS=@OLD_FOREIGN_KEY_CHECKS */;
/*!40014 SET UNIQUE_CHECKS=@OLD_UNIQUE_CHECKS */;
/*!40101 SET CHARACTER_SET_CLIENT=@OLD_CHARACTER_SET_CLIENT */;
/*!40101 SET CHARACTER_SET_RESULTS=@OLD_CHARACTER_SET_RESULTS */;
/*!40101 SET COLLATION_CONNECTION=@OLD_COLLATION_CONNECTION */;
/*!40111 SET SQL_NOTES=@OLD_SQL_NOTES */;

-- Dump completed on 2019-09-19 20:34:38
